current_path,proposed_path,artifact_type,scientific_status,action,notes
figures/paper/*,figures/comparison/article/*,figure,COMPARISON,GIT_MOVE,Canonical full-population before-vs-after figures
figures/paired_control/*,figures/comparison/paired_control/*,figure,COMPARISON,GIT_MOVE,Fixed-population correction-only diagnostics
results/article_comparison/*,results/comparison/article/*,result,COMPARISON,GIT_MOVE,Canonical numerical comparison products
results/paired_control/*,results/comparison/paired_control/*,result,COMPARISON,GIT_MOVE,Fixed-population comparison tables
docs/lec_climatology_article_before_after_report.*,docs/comparison/article_before_after_report.*,report,COMPARISON,GIT_MOVE,Canonical comparison report
docs/paired_control/*,docs/comparison/paired_control/*,report,COMPARISON,GIT_MOVE,Correction-only paired report
/Users/danilocoutodesouza/Documents/danilo_thesis_iag/manuscript_lec_climatology/submission_files-clim_dyn_rev2/LEC_climatology_clim_dyn_vCBG-2/combined_density_map_all_phases_regions_with_regions.png,figures/original/article/fig_01_track_density.png,figure,ORIGINAL,COPY_FROM_LEGACY,Referenced by final submission TeX
/Users/danilocoutodesouza/Documents/danilo_thesis_iag/manuscript_lec_climatology/submission_files-clim_dyn_rev2/LEC_climatology_clim_dyn_vCBG-2/LEC_chains.png,figures/original/article/fig_02_lec_reference.png,figure,ORIGINAL,COPY_FROM_LEGACY,Referenced by final submission TeX
/Users/danilocoutodesouza/Documents/danilo_thesis_iag/manuscript_lec_climatology/submission_files-clim_dyn_rev2/LEC_climatology_clim_dyn_vCBG-2/combined_ridge.png,figures/original/article/fig_03_term_pdfs.png,figure,ORIGINAL,COPY_FROM_LEGACY,Referenced by final submission TeX
/Users/danilocoutodesouza/Documents/danilo_thesis_iag/manuscript_lec_climatology/submission_files-clim_dyn_rev2/LEC_climatology_clim_dyn_vCBG-2/panel_LEC_mean_phases.png,figures/original/article/fig_04_phase_mean_lec.png,figure,ORIGINAL,COPY_FROM_LEGACY,Referenced by final submission TeX
/Users/danilocoutodesouza/Documents/danilo_thesis_iag/manuscript_lec_climatology/submission_files-clim_dyn_rev2/LEC_climatology_clim_dyn_vCBG-2/panel_LEC_EOF1.png,figures/original/article/fig_05_eof1_lec.png,figure,ORIGINAL,COPY_FROM_LEGACY,Referenced by final submission TeX
/Users/danilocoutodesouza/Documents/danilo_thesis_iag/manuscript_lec_climatology/submission_files-clim_dyn_rev2/LEC_climatology_clim_dyn_vCBG-2/panel_LEC_EOF2.png,figures/original/article/fig_06_eof2_lec.png,figure,ORIGINAL,COPY_FROM_LEGACY,Referenced by final submission TeX
/Users/danilocoutodesouza/Documents/danilo_thesis_iag/manuscript_lec_climatology/submission_files-clim_dyn_rev2/LEC_climatology_clim_dyn_vCBG-2/panel_LEC_EOF3.png,figures/original/article/fig_07_eof3_lec.png,figure,ORIGINAL,COPY_FROM_LEGACY,Referenced by final submission TeX
/Users/danilocoutodesouza/Documents/danilo_thesis_iag/manuscript_lec_climatology/submission_files-clim_dyn_rev2/LEC_climatology_clim_dyn_vCBG-2/panel_LEC_EOF4.png,figures/original/article/fig_08_eof4_lec.png,figure,ORIGINAL,COPY_FROM_LEGACY,Referenced by final submission TeX
/Users/danilocoutodesouza/Documents/danilo_thesis_iag/manuscript_lec_climatology/submission_files-clim_dyn_rev2/LEC_climatology_clim_dyn_vCBG-2/density_panel_q90.png,figures/original/article/fig_09_eof_positive_density.png,figure,ORIGINAL,COPY_FROM_LEGACY,Referenced by final submission TeX
/Users/danilocoutodesouza/Documents/danilo_thesis_iag/manuscript_lec_climatology/submission_files-clim_dyn_rev2/LEC_climatology_clim_dyn_vCBG-2/density_panel_q10.png,figures/original/article/fig_10_eof_negative_density.png,figure,ORIGINAL,COPY_FROM_LEGACY,Referenced by final submission TeX
/Users/danilocoutodesouza/Documents/danilo_thesis_iag/manuscript_lec_climatology/submission_files-clim_dyn_rev2/LEC_climatology_clim_dyn_vCBG-2/panel_2x2_q90_vs_q10.png,figures/original/article/fig_11_eof_genesis_season.png,figure,ORIGINAL,COPY_FROM_LEGACY,Referenced by final submission TeX
/Users/danilocoutodesouza/Documents/danilo_thesis_iag/manuscript_lec_climatology/submission_files-clim_dyn_rev2/LEC_climatology_clim_dyn_vCBG-2/panel_LEC_clusters.png,figures/original/article/fig_12_intense_clusters_lec.png,figure,ORIGINAL,COPY_FROM_LEGACY,Referenced by final submission TeX
/Users/danilocoutodesouza/Documents/danilo_thesis_iag/manuscript_lec_climatology/submission_files-clim_dyn_rev2/LEC_climatology_clim_dyn_vCBG-2/density_panel.png,figures/original/article/fig_13_intense_groups_density.png,figure,ORIGINAL,COPY_FROM_LEGACY,Referenced by final submission TeX
/Users/danilocoutodesouza/Documents/danilo_thesis_iag/manuscript_lec_climatology/submission_files-clim_dyn_rev2/LEC_climatology_clim_dyn_vCBG-2/cluster_analysis_panel.png,figures/original/article/fig_14_intense_groups_characteristics.png,figure,ORIGINAL,COPY_FROM_LEGACY,Referenced by final submission TeX
/Users/danilocoutodesouza/Documents/danilo_thesis_iag/manuscript_lec_climatology/submission_files-clim_dyn_rev2/LEC_climatology_clim_dyn_vCBG-2/LEC_total_v6.png,figures/original/article/fig_15_phase_synthesis.png,figure,ORIGINAL,COPY_FROM_LEGACY,Referenced by final submission TeX
/Users/danilocoutodesouza/Documents/danilo_thesis_iag/manuscript_lec_climatology/submission_files-clim_dyn_rev2/LEC_climatology_clim_dyn_vCBG-2/EOFs_panel.png,figures/original/article/fig_16_eof_synthesis.png,figure,ORIGINAL,COPY_FROM_LEGACY,Referenced by final submission TeX
figures/original/article/fig_01_track_density.png,figures/corrected/article/fig_01_track_density.png,figure,CORRECTED,REUSE_UNCHANGED,Track-reference artifact does not use corrected LEC terms
figures/original/article/fig_02_lec_reference.png,figures/corrected/article/fig_02_lec_reference.png,figure,CORRECTED,REUSE_UNCHANGED,Conceptual diagram contains no dataset values
results/comparison/article/*.csv[version=before],results/original/article/*.csv,result,ORIGINAL,REUSE_UNCHANGED,Lossless row selection with hashes
results/comparison/article/*.csv[version=after],results/corrected/article/*.csv,result,CORRECTED,REUSE_UNCHANGED,Lossless row selection with hashes
