reference_cluster,pc,before,after,difference
1,PC1,0.028297146,-0.11110552,-0.139402666
1,PC2,-0.20481131,-0.18559247,0.01921884
1,PC3,0.17766728,0.016126216,-0.161541064
1,PC4,-0.44560147,0.042405885,0.488007355
1,PC5,-0.14965128,-0.15692426,-0.00727298
1,PC6,0.080064965,-0.13660952,-0.216674485
1,PC7,-0.09365867,-0.18826919,-0.09461052
1,PC8,0.0048567155,-0.11163057,-0.1164872855
2,PC1,0.17176941,0.73982623,0.56805682
2,PC2,-0.42118228,-0.22099012,0.20019216
2,PC3,0.033590489,0.7064087,0.672818211
2,PC4,0.96347776,-0.27449408,-1.23797184
2,PC5,-0.55567731,1.1009224,1.65659971
2,PC6,-0.11432744,-0.54034055,-0.42601311
2,PC7,0.1009635,0.53888676,0.43792326
2,PC8,-0.073762382,-0.74537402,-0.671611638
3,PC1,0.70526143,0.63591948,-0.06934195
3,PC2,0.38494348,0.44475629,0.05981281
3,PC3,1.4303591,1.4378765,0.0075174
3,PC4,0.38018645,-0.51681504,-0.89700149
3,PC5,-0.82521443,-0.20384554,0.62136889
3,PC6,0.48679639,0.88848064,0.40168425
3,PC7,0.46927729,-0.29299349,-0.76227078
3,PC8,0.35466532,0.45507957,0.10041425
4,PC1,1.7461737,1.6020907,-0.144083
4,PC2,-0.24430288,-0.3126916,-0.06838872
4,PC3,-0.62386262,-0.3582197,0.26564292
4,PC4,-0.55733831,-0.60127672,-0.04393841
4,PC5,-1.3424622,-1.248231,0.0942312
4,PC6,0.09929171,0.013801266,-0.085490444
4,PC7,0.28449823,0.52312684,0.23862861
4,PC8,-0.12390476,-0.34575393,-0.22184917
5,PC1,0.50362004,0.24940449,-0.25421555
5,PC2,-1.1097023,-1.4974223,-0.38772
5,PC3,0.33234232,-0.22000404,-0.55234636
5,PC4,-0.30227389,-0.094414836,0.207859054
5,PC5,0.44120392,1.1899935,0.74878958
5,PC6,-0.60809934,0.55650056,1.1645999
5,PC7,-0.054811606,0.11719661,0.172008216
5,PC8,1.7174087,1.3193244,-0.3980843
