workflow,version,cluster,n,max_vor42_mean,max_vor42_median,season_DJF_pct,season_MAM_pct,season_JJA_pct,season_SON_pct,region_ARG_pct,region_LA-PLATA_pct,region_SE-BR_pct,region_OTHER_pct,max_vor42_q0,max_vor42_q25,max_vor42_q75,max_vor42_q100
comparison,after,1,647,9.84154657651,9.5968,30.7573415765,22.7202472952,20.7109737249,25.8114374034,61.9783616692,20.7109737249,17.3106646059,0,8.30871,8.851435,10.58171,14.33666
comparison,after,2,266,10.7257905451,10.5749,18.4210526316,19.1729323308,31.2030075188,31.2030075188,15.4135338346,58.2706766917,26.3157894737,0,8.3025,9.3536275,11.7756525,15.94652
comparison,after,3,229,10.4404380262,10.16154,11.7903930131,18.3406113537,39.7379912664,30.1310043668,74.672489083,15.7205240175,9.60698689956,0,8.31277,9.27133,11.30332,15.48209
comparison,after,4,206,10.6172189369,10.467775,22.8155339806,30.0970873786,28.1553398058,18.932038835,52.9126213592,27.6699029126,19.4174757282,0,8.30358,9.5619875,11.5077175,15.38497
comparison,after,5,138,10.4398081957,10.207735,18.115942029,30.4347826087,29.7101449275,21.7391304348,50.7246376812,32.6086956522,16.6666666667,0,8.34367,9.1786825,11.5149425,14.98078
comparison,before,1,662,9.95754412085,9.65166,34.7432024169,24.3202416918,16.0120845921,24.9244712991,47.7341389728,34.4410876133,17.8247734139,0,8.30871,8.8993175,10.7212775,15.0266
comparison,before,2,332,9.90776799096,9.64976,16.8674698795,22.2891566265,35.2409638554,25.6024096386,67.1686746988,18.3734939759,14.4578313253,0,8.31046,8.94539,10.603245,13.6896
comparison,before,3,290,10.6954062586,10.326095,10.3448275862,18.9655172414,37.2413793103,33.4482758621,52.0689655172,27.5862068966,20.3448275862,0,8.3025,9.35473,11.73434,15.52721
comparison,before,4,248,10.5856365605,10.4124,18.5483870968,27.4193548387,32.2580645161,21.7741935484,46.7741935484,30.2419354839,22.9838709677,0,8.30358,9.4400375,11.5554425,15.94652
comparison,before,5,212,10.3607588962,10.215875,20.2830188679,26.4150943396,31.6037735849,21.6981132075,58.4905660377,26.8867924528,14.6226415094,0,8.3034,9.0702675,11.378775,14.98078
corrected_only,after,1,112,11.9693058929,11.72571,17.8571428571,23.2142857143,31.25,27.6785714286,20.5357142857,50,29.4642857143,0,10.35901,10.9066125,12.704245,15.52721
corrected_only,after,2,131,11.736530458,11.48233,22.1374045802,25.1908396947,32.8244274809,19.8473282443,44.2748091603,38.1679389313,17.5572519084,0,10.3809,10.867175,12.273505,15.38497
corrected_only,after,3,264,11.5288571212,11.310455,21.2121212121,20.8333333333,29.5454545455,28.4090909091,49.6212121212,30.6818181818,19.696969697,0,10.3536,10.7780075,11.9666,15.08545
corrected_only,after,4,96,11.786678125,11.560805,19.7916666667,19.7916666667,35.4166666667,25,30.2083333333,48.9583333333,20.8333333333,0,10.36612,10.9473275,12.3377725,15.94652
