check,status,evidence
before_unique_period_keys,PASS,25000
after_unique_period_keys,PASS,15829
no_total_complete_case_loss,PASS,"[6789, 3820]"
one_to_one_total_matching,PASS,"[1, 2, 3, 5, 4, 6, 7, 8]"
published_reference_orientation,FAIL,"[1, -1, -1, 1, -1, -1, 1, 1]"
current_saved_total_loadings,PASS,max absolute CSV rounding error 4.9988481132245965e-09
current_saved_total_variance,PASS,max absolute CSV rounding error 3.8223125109482226e-07
current_saved_total_scores,PASS,max absolute CSV rounding error 3.3810514032950323e-07
PC1_joint_permutation_sign_EV,PASS,"raw 1, sign 1, EV 27.683925149894613"
PC2_joint_permutation_sign_EV,PASS,"raw 2, sign 1, EV 12.021766642704256"
PC3_joint_permutation_sign_EV,PASS,"raw 3, sign -1, EV 10.510169170010291"
PC4_joint_permutation_sign_EV,PASS,"raw 5, sign 1, EV 7.571697848342933"
PC5_joint_permutation_sign_EV,PASS,"raw 4, sign 1, EV 8.708047284654178"
PC6_joint_permutation_sign_EV,PASS,"raw 6, sign 1, EV 5.7578708026674015"
PC7_joint_permutation_sign_EV,PASS,"raw 7, sign 1, EV 4.755310170920541"
PC8_joint_permutation_sign_EV,PASS,"raw 8, sign 1, EV 4.282007856561627"
archived_extremes_reproduced_from_archived_PCs,PASS,0
archived_PC_scaling_and_sign_relation,PASS,archived PCs = unit PCs * published sign * archived sample std
sign_and_scale_restore_archived_assignments,PASS,0
before_extremes_from_aligned_PCs,PASS,3591
after_extremes_from_aligned_PCs,PASS,2016
original_vs_processed_track_keys,PASS,631009
original_vs_processed_physical_track_values,PASS,3.552713678800501e-15
genesis_boxes_vs_original_region_metadata,PASS,0 of 6789 differ
published_vs_current_extreme_memberships,FAIL,6168
corrected_only_vs_reference_extreme_memberships,FAIL,2056
published_PC_scaling,FAIL,"[6.793948718583721, 2.644612195437881, 2.622431850980537, 1.9653434808217523, 1.7786614302060528, 1.4054627215278714, 1.2569128720657654, 1.0471487402562847]"
comparison_extreme_track_coverage,PASS,5607
corrected_only_extreme_track_coverage,PASS,1978
comparison_intense_matches_published_maximum_criterion,FAIL,row q90 8.292780000000004 versus max q90 10.353024000000001
corrected_only_five_clusters,FAIL,4
archived_intense_IDs_equal_maximum_criterion,PASS,679
five_group_tex_vs_archived_cluster_count,FAIL,4
cluster_matching_one_to_one,PASS,"[0, 1, 2, 3, 4]"
after_centers_from_assignments,PASS,4.2661249199937856e-08
before_centers_from_assignments,PASS,4.357337335392231e-08
comparison_figure14_saved_statistics,PASS,4.90566039346163e-07
corrected_only_figure14_saved_statistics,PASS,4.809160287777559e-07
manifest:figures/comparison/article/fig_01_track_density.png,PASS,51953bd665cf52d481530ddd0de82940a54ac0f6aff14a24041b28a865d09137
manifest:figures/comparison/article/fig_01_track_density.pdf,PASS,2b8e8a872851ab97cbcd7e24d6e12f7045d10f8f97a4e204077e5831b9e70d07
manifest:figures/comparison/article/fig_02_lec_reference.png,PASS,9731129c97602e6e5eea08365a21afda20acfa9d3d0c85dd5ef78efc9d676bef
manifest:figures/comparison/article/fig_02_lec_reference.pdf,PASS,c3947962edac94f2b3af6163128c27d7d6a164f8e0b59bbc1cf7532c7900a8a2
manifest:figures/comparison/article/fig_03_term_pdfs_published_corrected.png,PASS,b908890936aa908d65b4998a43dbeba0009d121537cb585a331805dfdb7eaf03
manifest:figures/comparison/article/fig_03_term_pdfs_published_corrected.pdf,PASS,424567abb6131c342736945f8a6dbbc1acbd36625e03561d339cc049e3e3a9f5
manifest:figures/comparison/article/fig_04_phase_mean_lec_published_corrected.png,PASS,ebfc51eb1e18d8e8e89f33e74be34fdf23be083e3eaa127b2f369bfe99eb3e3c
manifest:figures/comparison/article/fig_04_phase_mean_lec_published_corrected.pdf,PASS,e78105e8062971c67cda40ddf8a2bea96dbd8df879098803795e26f2be7c5b79
manifest:figures/comparison/article/fig_05_eof1_lec_published_corrected.png,PASS,de225cef54e585af748fc79986f1d69147336524dafe4e04b7cc9a0b127cf652
manifest:figures/comparison/article/fig_05_eof1_lec_published_corrected.pdf,PASS,a718e00b7f9d10d61a55a85127e963587d4907749f473554b2b5e402972b7d9b
manifest:figures/comparison/article/fig_06_eof2_lec_published_corrected.png,PASS,349acaf0ce60361056d1eed6aa335b5eb60a0381950c94cab5646548c6343823
manifest:figures/comparison/article/fig_06_eof2_lec_published_corrected.pdf,PASS,be48fb46105bab026668afe6d880022d4f31d7d34e0f52e9e0436365ef3948a9
manifest:figures/comparison/article/fig_07_eof3_lec_published_corrected.png,PASS,1e3e4489a2e891ea9c2ab351223c5b1031bd41190192f8c004a31b7958209262
manifest:figures/comparison/article/fig_07_eof3_lec_published_corrected.pdf,PASS,dbb0f3c26b47013ecedb74db55c5f5e1fd3637971d2ef3dff4a5ac2ed190973e
manifest:figures/comparison/article/fig_08_eof4_lec_published_corrected.png,PASS,0ed0bbed6eabbb48c0002571023476a9cc6d278b9d6a4e87e0ea161c9cfadb79
manifest:figures/comparison/article/fig_08_eof4_lec_published_corrected.pdf,PASS,7e415633521d1b064f8e4369232a6895f504c2448aed744b0f07e7e0b94e479b
manifest:figures/comparison/article/fig_09_eof_positive_density_published_corrected.png,PASS,5dea4351fc5032403e4828d678f4dcc8f206e952fe6f7ed267248ec2313fec6d
manifest:figures/comparison/article/fig_09_eof_positive_density_published_corrected.pdf,PASS,b7141c77953f32f96cf777afd8f9637c777a63be907f34292c2c25b02cd77dc5
manifest:figures/comparison/article/fig_10_eof_negative_density_published_corrected.png,PASS,7a609e7024bed1a7fe8014c0812b59420067a12429efc1eef558b60b59a405c8
manifest:figures/comparison/article/fig_10_eof_negative_density_published_corrected.pdf,PASS,5957bb7fea9ea322801626f9571b3eec7784e6e0aaa01ea46f867b81dfb6120c
manifest:figures/comparison/article/fig_11_eof_genesis_season_published_corrected.png,PASS,d369853abf1b961895bc13d444f5a0fb756c5d2c9db152eb08924033cb70a8da
manifest:figures/comparison/article/fig_11_eof_genesis_season_published_corrected.pdf,PASS,903ff735aa4465d7c8292e97cbaad75e61c2a6996bfcaa4a5d8f9771a1519d7f
manifest:figures/comparison/article/fig_12a_all_intense_lec_published_corrected.png,PASS,f11612b2d2249d17f97bafe9d29fc5ceacadc958d1a24bddee4f07d7d19c2455
manifest:figures/comparison/article/fig_12a_all_intense_lec_published_corrected.pdf,PASS,f06bacebf532ff30ad63e17e86aec2d524158bbc0c3ae199c51c0e8516dd1737
manifest:figures/comparison/article/fig_12b_five_intense_clusters_lec_published_corrected.png,PASS,b975841e19c912ecc558cd261f141e39822a2f983fdb456823dbd647c04c93b9
manifest:figures/comparison/article/fig_12b_five_intense_clusters_lec_published_corrected.pdf,PASS,c0920dce5d911a5aa7b9f29654e87112a80e2b46dcde2dd788eab19f7abc63fe
manifest:figures/comparison/article/fig_13_five_intense_groups_density_published_corrected.png,PASS,e35436ba0c567f6fb963a0911c56a2774b8450362c46a149a2ba49809e8ca6da
manifest:figures/comparison/article/fig_13_five_intense_groups_density_published_corrected.pdf,PASS,69fb1fa65e545d3391a5733b70c7df0f91c455ced4e4caf6b90018b0fe3bf428
manifest:figures/comparison/article/fig_14_five_intense_groups_characteristics_published_corrected.png,PASS,17222b846450569310a73264cf36dac2f2358c33b07b22533a0aa0e5dd0327e7
manifest:figures/comparison/article/fig_14_five_intense_groups_characteristics_published_corrected.pdf,PASS,d9874b19e2a808552279b64f4bc286ca9b212f7b4b76f7caa959a4ab280f136e
manifest:figures/comparison/article/fig_15_phase_synthesis_published_corrected.png,PASS,d949aa71ad944c610c151c73845298bf0bd49c56cec05afe23af603524d93612
manifest:figures/comparison/article/fig_15_phase_synthesis_published_corrected.pdf,PASS,4fd85268065dcb13e458885f8f3ce4407e39aa1d4330ae71bc924837e1f5a968
manifest:figures/comparison/article/fig_16a_eof1_positive_group_lec_published_corrected.png,PASS,7decf84baeee63d794abc6bddfb93c150fcfd14ce41158710fc6daf246357dea
manifest:figures/comparison/article/fig_16a_eof1_positive_group_lec_published_corrected.pdf,PASS,30cbaf8743d6b8f203a75edb926cddc0604308f57f66e2025b10a694f967a73d
manifest:figures/comparison/article/fig_16b_eof2_positive_group_lec_published_corrected.png,PASS,d4b2e276875e17b1c6c000da849dd05009c09d45e130feaf8f2564a6a764bca1
manifest:figures/comparison/article/fig_16b_eof2_positive_group_lec_published_corrected.pdf,PASS,aeb445e45ecd2281f7ebd144cea98f046bae7ad38c731dae16bab1f0fa01ab64
manifest:figures/comparison/article/fig_16c_eof3_positive_group_lec_published_corrected.png,PASS,e10d252a8866c6973ce8befbab47b4cd08f318a1046f82b77b51363cf37cbec5
manifest:figures/comparison/article/fig_16c_eof3_positive_group_lec_published_corrected.pdf,PASS,9887dc047e558b2eaa8e6f845d9137f228b7edd341f322b4f69842d2713bf862
manifest:figures/comparison/article/fig_16d_eof4_positive_group_lec_published_corrected.png,PASS,e24a78949aaceb3be426e3950d74d4d80e0b758f05b98ccaf1c53a60d77a5ab4
manifest:figures/comparison/article/fig_16d_eof4_positive_group_lec_published_corrected.pdf,PASS,b261455a1a103d1518eca5305911e963b5977fc512842c5541582d39156e512e
manifest:figures/corrected/article/fig_01_track_density.png,PASS,d668c3e19744e733dd99c2aee6fea76c0394464803743baa11808be6d75fbd2d
manifest:figures/corrected/article/fig_01_track_density.pdf,PASS,33827314a43e8de462bd6fd8ff4a1491c596e288379fbb8d06b4153dc96102f1
manifest:figures/corrected/article/fig_02_lec_reference.png,PASS,f58641a91e1623a32aca91778b0edd1f3881302c92b7d82f3eaba54a214a5d7f
manifest:figures/corrected/article/fig_02_lec_reference.pdf,PASS,62f2c79bc41b7f111c39a35b715740c56449160134577bb0428c92ebce3097fd
manifest:figures/corrected/article/fig_03_term_pdfs.png,PASS,f2699a9d4b6ee94f55974136629953320c291cbe38bd93e9458982450eeb05ef
manifest:figures/corrected/article/fig_03_term_pdfs.pdf,PASS,5a1472c7d024f4817b63546bb310c4dbe482f81ba530e9b1a2aed696e787b1bd
manifest:figures/corrected/article/fig_04_phase_mean_lec.png,PASS,3c0049a89caa8bd7610375dc28101151f610edfa84d4bf3a590fb834bb62ec84
manifest:figures/corrected/article/fig_04_phase_mean_lec.pdf,PASS,ae4d0c5288dc546ac06b918dfb149bf9f9c39d6d1e501078e2da887df23d931b
manifest:figures/corrected/article/fig_05_eof1_lec.png,PASS,4d94808dcdd93813c19cd8ad7672ec0d57aa093172ca5c77edf8fcc2d1a50f4c
manifest:figures/corrected/article/fig_05_eof1_lec.pdf,PASS,03988d2ed3d9215ea0d101408d81782c94288a621a9b0c60634a847fff1d1712
manifest:figures/corrected/article/fig_06_eof2_lec.png,PASS,7853b75b50cd9c175723d57e0c8e7fc083fd8ef41d4f9589c975c1f66f9a7629
manifest:figures/corrected/article/fig_06_eof2_lec.pdf,PASS,d439301b1f510b44d10d5d0d9b0b58f222a583f4582b11785bcba7d714b6d644
manifest:figures/corrected/article/fig_07_eof3_lec.png,PASS,b036239887193f4d3fd9e0c3492cb018a122ec07b56facf1069984da7a466201
manifest:figures/corrected/article/fig_07_eof3_lec.pdf,PASS,d003020e7be84eea154b1acfd84abcf0801b24ae6559220a685d7978908b888a
manifest:figures/corrected/article/fig_08_eof4_lec.png,PASS,b44485e9655934e3d498bc0307eee087499a64469b660ddda2f4c7c49a9ee29d
manifest:figures/corrected/article/fig_08_eof4_lec.pdf,PASS,030a00e11be380a1c523aa735d817c8714a022e9305ab108e141c2c2822a84d2
manifest:figures/corrected/article/fig_09_eof_positive_density.png,PASS,16102fcdd9d0097c6513077c00b517d41b2c91312d20a77971ac44bed133e28d
manifest:figures/corrected/article/fig_09_eof_positive_density.pdf,PASS,5b3338d26946b2526ef712adcc36b565ecb291ee86276e0b912f5158e34709df
manifest:figures/corrected/article/fig_10_eof_negative_density.png,PASS,ee014bffe6e1882cf897ae36effddf38d2a89c64a3c3be1eb6235d117aa4401f
manifest:figures/corrected/article/fig_10_eof_negative_density.pdf,PASS,a099e12394310cd6431a50d9c860258077a43860e3fae431dff4d9c63b3c5879
manifest:figures/corrected/article/fig_11_eof_genesis_season.png,PASS,d13adcecc2c3107b20bfcccfe266ee4e5de6abb35b59a49100cdf1bb5dfaea8e
manifest:figures/corrected/article/fig_11_eof_genesis_season.pdf,PASS,5808a90af4e5c26f725e8c59290525a34ee0c962eb2910f09fcd4aaeaf6698c2
manifest:figures/corrected/article/fig_12_intense_clusters_lec.png,PASS,d6fe6ea005fdba940c99f96c6b2066ee509ce0833921fa7fac4387def09ae881
manifest:figures/corrected/article/fig_12_intense_clusters_lec.pdf,PASS,4f36897d26996a709d9e7a355c9b5da1725c9ab0a92b1ceb06904b3ce480e49e
manifest:figures/corrected/article/fig_13_intense_groups_density.png,PASS,70e479b9d58052e0a55ce32c615ea0be99529568b9636f70ac1194f404ce63f8
manifest:figures/corrected/article/fig_13_intense_groups_density.pdf,PASS,884c47056b9aac7431a5f5a0ecff23c0646580c2ad38788d88ae5ed9b796a828
manifest:figures/corrected/article/fig_14_intense_groups_characteristics.png,PASS,df8b1cf1b161daac2a485994c7860eaa319dba9121d3c26d3e49b61ba81a3c20
manifest:figures/corrected/article/fig_14_intense_groups_characteristics.pdf,PASS,0389b5e74c846a3d9fc3b744fa6ed7c995186d00035641fdf2a91321f675543f
manifest:figures/corrected/article/fig_15_phase_synthesis.png,PASS,b8c72a0cdd657beb0186d97b90d68ca9cc5657a1d01a38675c0f30b49a3b9f0c
manifest:figures/corrected/article/fig_15_phase_synthesis.pdf,PASS,7d08f5ecd32c5d4c30f4587b59091c726306c28ba25c18698f8b4b42650440b1
manifest:figures/corrected/article/fig_16_eof_synthesis.png,PASS,1a1f2efd68877a157e7ee913cc1866628de1d2fae0857fb21782e20cabcc499b
manifest:figures/corrected/article/fig_16_eof_synthesis.pdf,PASS,b5569f50452a42e2ed3d7ec07f16106acb7074a556e05bfaa8d52db08c13677e
frozen:results/comparison/article/phase_eof_matched/frozen_outputs.json,PASS,155 files; changed=[]
frozen:results/comparison/article/total_eof_audit/frozen_outputs.json,PASS,190 files; changed=[]
published_image_identity:EOFs_panel.png,PASS,6cf2260b76abb146429d35a9dee1159a57704c6e7a540c234c066a86cc4081f2
published_image_identity:panel_LEC_clusters.png,PASS,18463dc135aa8f36be3e562a79c9f97f8bb01d3d5805eaa99f2c0669de3180d1
Figure16_definition,BLOCKED,Final TeX 467-473: positive-group phase-resolved mean LEC; original draw_lec_eofs.py: phase loading tables. Author review required.
Figure12a_definition,BLOCKED,Published caption and original panel: all systems; comparison: all intense. Corrected-only: all 3820 systems.
Figure12b_definition,BLOCKED,Original eof_plot_lec_centroids.py: centroids @ EOF + full mean; current generators: direct group means.
clustering_scaling,BLOCKED,Original: StandardScaler fitted on intense subset; comparison: unscaled PCs standardized on full independent populations.
comparison_density_definition,BLOCKED,Comparison: Gaussian-smoothed histogram / occupied months per group; published: haversine KDE per 1e6 km2 per common months.
