workflow,version,group,track_points,observed_group_months,normalization_months,id_sha256
comparison,after,all_intense,221200,492,492,15d727167d084af32a9dc9737c1e1d987d2d6847ac684ef90585182901da3e34
comparison,after,1,106089,397,397,f2b4cea09336fad5f2336fa18a256ffd497342812735dc94766d20236ed23df6
comparison,after,2,36912,232,232,2e24ea55a6793fdbed32553519babd79b3472d9a4ee11621e55d87a9565d38e4
comparison,after,3,31134,192,192,1d279f7456d53953e8a5f92092a5b9fae6365831479e8d6470421ea2aa5bd45e
comparison,after,4,29231,191,191,2ba96d88da4e3517b99241df150586059c0ad024b28ea353c7a1a194e74c8a9b
comparison,after,5,17834,143,143,115600acf25597400fa36fac1473ac997bb7e012a5419d19359ece4687a43a54
comparison,before,all_intense,263991,501,501,0aac97376d7410b7ec9d114e5f3f9ff8035980228366fca4719613906405fedb
comparison,before,1,113968,397,397,7b4c3576b9ecc4e6d1510da304a9a9da0a76bb293d7f99529593a4790a3dab84
comparison,before,2,48725,274,274,8b72493f1c91fdde0bcdeccffa9f630095c7a0d61855ca1121fff75ed0a05ea2
comparison,before,3,37194,226,226,feb773b9b9f8a7b3515f3125451ee8360ea9d9d4d69406b68e1393f59ee2ccf2
comparison,before,4,35414,223,223,6ab1cca5a2c56a59e374f5f3afdd507155db1806581629f8f0ef65e67c1a4e8d
comparison,before,5,28690,203,203,621055810f32564c9d4665aab9df2898c9822d48079bb6e7066acca86c31c4eb
corrected_only,after,all_intense,96053,375,375,b2c863c274de933061bc7591621af1731e00b4cddbc872fd1fe31c2741ee7324
corrected_only,after,1,16327,118,375,4e41f95be31de90f1747ce9037cd5223a48e5413701c0eb800e433b6ac36f0df
corrected_only,after,2,20240,133,375,5ed9f7deca6b3a3c786e12225cb27905aea5203a8efa66a2103ca715c78da7fa
corrected_only,after,3,46415,245,375,5faf730250a837a5d99bb36fa76fc52b6cfe798346d2090bf24db7c1c82da888
corrected_only,after,4,13071,99,375,933235508efeafffac8e687044b89bbf950efb48e17cf2a36cd20c57f1ae3ddb
corrected_only,after,figure12a_all_systems,440306,505,375,01a76b412cd5745af85657fb1b4644a2e487888fbceb06cf9165bced85d4767b
