version,pc,q90,q10
before,PC1,1.332722382,-1.03518908869
before,PC2,1.21856981265,-1.11911188921
before,PC3,1.20013982958,-1.13274737877
before,PC4,1.29861936313,-1.08420956928
before,PC5,1.10235561829,-1.14826619352
before,PC6,1.17797740861,-1.12787875946
before,PC7,1.13202769807,-1.0303686808
before,PC8,1.19995789635,-1.04058304028
after,PC1,1.35234544683,-1.07753159828
after,PC2,1.10218462993,-1.17788369522
after,PC3,1.28181028889,-1.14674244757
after,PC4,1.21191597621,-1.02580657513
after,PC5,1.17329949614,-1.09817518298
after,PC6,1.26056054198,-1.10279834983
after,PC7,1.16139591924,-1.11308731249
after,PC8,1.1817667927,-1.14057043754
