phase,eof,term,legacy,corrected,diff
incipient,1,Az,0.238524,0.229531,-0.00899257
incipient,1,Ae,0.494575,0.399172,-0.0954032
incipient,1,Kz,0.239597,0.199434,-0.040163
incipient,1,Ke,0.640536,0.560716,-0.07982
incipient,1,Cz,0.085884,0.0902432,0.00435914
incipient,1,Ca,0.858461,0.815926,-0.0425359
incipient,1,Ck,-0.44241,-0.159239,0.283171
incipient,1,Ce,0.714182,0.66674,-0.0474421
incipient,1,Gz,-0.117668,-0.0780315,0.0396366
incipient,1,Ge,0.228963,0.268632,0.0396688
incipient,1,BAz,0.522509,0.492192,-0.0303169
incipient,1,BAe,-0.211647,-0.254415,-0.0427679
incipient,1,BKz,-0.571101,-0.676625,-0.105525
incipient,1,BKe,0.331459,0.391719,0.0602598
incipient,1,BΦZ,0.390154,0.659222,0.269068
incipient,1,BΦE,0.233833,-0.662058,-0.895892
incipient,1,∂Az/∂t (finite diff.),-0.262526,-0.143311,0.119215
incipient,1,∂Ae/∂t (finite diff.),0.131576,0.0971478,-0.0344284
incipient,1,∂Kz/∂t (finite diff.),0.145445,0.249918,0.104472
incipient,1,∂Ke/∂t (finite diff.),0.346287,0.297192,-0.0490955
incipient,1,RGz,-0.456126,-0.132576,0.32355
incipient,1,RKz,0.584606,0.681609,0.0970032
incipient,1,RGe,0.613396,0.322832,-0.290564
incipient,1,RKe,-0.794536,-0.769818,0.0247177
incipient,2,Az,-0.139197,0.0660093,0.205207
incipient,2,Ae,0.592073,0.402309,-0.189764
incipient,2,Kz,0.263857,0.338475,0.0746183
incipient,2,Ke,0.154687,0.0731138,-0.0815735
incipient,2,Cz,-0.444301,-0.280047,0.164253
incipient,2,Ca,-0.0769809,-0.0782236,-0.00124262
incipient,2,Ck,0.262168,0.0523025,-0.209865
incipient,2,Ce,0.330649,0.115596,-0.215053
incipient,2,Gz,-0.114689,-0.0692667,0.0454219
incipient,2,Ge,-0.24546,-0.29727,-0.0518106
incipient,2,BAz,-0.449568,-0.399345,0.0502232
incipient,2,BAe,0.789741,0.63887,-0.150871
incipient,2,BKz,0.0320581,-0.224232,-0.25629
incipient,2,BKe,-0.0687513,-0.174729,-0.105978
incipient,2,BΦZ,0.755816,0.364531,-0.391284
incipient,2,BΦE,0.786579,0.0669435,-0.719635
incipient,2,∂Az/∂t (finite diff.),0.0241751,0.388809,0.364634
incipient,2,∂Ae/∂t (finite diff.),-0.253995,-0.32762,-0.073625
incipient,2,∂Kz/∂t (finite diff.),0.1275,0.409812,0.282312
incipient,2,∂Ke/∂t (finite diff.),-0.043475,-0.0930629,-0.0495879
incipient,2,RGz,0.127067,0.451865,0.324799
incipient,2,RKz,0.0448041,0.379114,0.33431
incipient,2,RGe,-0.551186,-0.688315,-0.137129
incipient,2,RKe,0.0310382,0.094972,0.0639337
incipient,3,Az,-0.336837,-0.203148,0.133689
incipient,3,Ae,-0.265485,-0.537143,-0.271658
incipient,3,Kz,-0.26999,-0.303342,-0.0333519
incipient,3,Ke,-0.134295,-0.298501,-0.164205
incipient,3,Cz,0.265068,0.385095,0.120027
incipient,3,Ca,-0.0645576,-0.171962,-0.107404
incipient,3,Ck,-0.0136575,-0.146294,-0.132637
incipient,3,Ce,0.039153,-0.2302,-0.269353
incipient,3,Gz,0.611253,0.5612,-0.0500525
incipient,3,Ge,0.450632,0.442377,-0.00825545
incipient,3,BAz,-0.21103,-0.0849393,0.126091
incipient,3,BAe,-0.126275,-0.371648,-0.245373
incipient,3,BKz,-0.560306,-0.500398,0.0599078
incipient,3,BKe,-0.262029,-0.314831,-0.052802
incipient,3,BΦZ,0.270713,0.4766,0.205887
incipient,3,BΦE,0.29357,0.236907,-0.0566625
incipient,3,∂Az/∂t (finite diff.),0.438189,0.425135,-0.0130538
incipient,3,∂Ae/∂t (finite diff.),0.10697,0.193644,0.0866739
incipient,3,∂Kz/∂t (finite diff.),0.504978,0.40834,-0.0966378
incipient,3,∂Ke/∂t (finite diff.),-0.227459,-0.227218,0.000241018
incipient,3,RGz,0.642656,0.584052,-0.0586038
incipient,3,RKz,0.620905,0.54605,-0.0748549
incipient,3,RGe,0.208234,0.415256,0.207021
incipient,3,RKe,0.107503,0.255852,0.148349
incipient,4,Az,0.731337,0.790055,0.0587179
incipient,4,Ae,-0.143024,-0.220168,-0.077144
incipient,4,Kz,0.697927,0.629231,-0.0686963
incipient,4,Ke,-0.254525,-0.278806,-0.0242807
incipient,4,Cz,-0.0347862,0.198974,0.23376
incipient,4,Ca,-0.027245,0.0531571,0.0804021
incipient,4,Ck,-0.0931838,-0.286806,-0.193622
incipient,4,Ce,-0.245087,-0.351898,-0.106811
incipient,4,Gz,-0.312161,-0.305617,0.00654445
incipient,4,Ge,-0.233236,-0.242306,-0.00906924
incipient,4,BAz,0.273982,0.494431,0.220449
incipient,4,BAe,0.0162806,-0.176497,-0.192778
incipient,4,BKz,-0.169145,-0.0744382,0.0947069
incipient,4,BKe,-0.101997,-0.201183,-0.0991853
incipient,4,BΦZ,0.0199983,0.113082,0.0930841
incipient,4,BΦE,-0.111997,0.251992,0.363989
incipient,4,∂Az/∂t (finite diff.),0.422625,0.0591366,-0.363489
incipient,4,∂Ae/∂t (finite diff.),-0.0216065,0.0960803,0.117687
incipient,4,∂Kz/∂t (finite diff.),0.477311,0.120463,-0.356848
incipient,4,∂Ke/∂t (finite diff.),-0.128909,-0.00301787,0.125891
incipient,4,RGz,0.0161684,-0.278741,-0.294909
incipient,4,RKz,0.335844,0.118709,-0.217135
incipient,4,RGe,-0.209773,-0.124038,0.0857351
incipient,4,RKe,0.108781,0.219755,0.110975
incipient,5,Az,0.120469,-0.064848,-0.185317
incipient,5,Ae,0.189941,0.28039,0.0904487
incipient,5,Kz,0.0870149,-0.0929796,-0.179994
incipient,5,Ke,0.227792,0.315038,0.0872465
incipient,5,Cz,0.625917,0.632401,0.00648383
incipient,5,Ca,0.0947986,0.1961,0.101301
incipient,5,Ck,-0.52915,-0.505412,0.0237382
incipient,5,Ce,-0.088095,0.0269663,0.115061
incipient,5,Gz,0.314091,0.376624,0.0625329
incipient,5,Ge,-0.30542,-0.190127,0.115293
incipient,5,BAz,0.0309554,0.0563695,0.0254141
incipient,5,BAe,0.110061,0.0619622,-0.0480991
incipient,5,BKz,-0.124782,-0.122185,0.00259755
incipient,5,BKe,-0.407474,-0.364657,0.0428169
incipient,5,BΦZ,0.0240813,-0.0581011,-0.0821825
incipient,5,BΦE,-0.10333,0.24051,0.34384
incipient,5,∂Az/∂t (finite diff.),-0.165828,-0.324034,-0.158206
incipient,5,∂Ae/∂t (finite diff.),-0.272949,-0.126144,0.146805
incipient,5,∂Kz/∂t (finite diff.),-0.325195,-0.417487,-0.0922923
incipient,5,∂Ke/∂t (finite diff.),0.183589,0.302607,0.119017
incipient,5,RGz,0.26768,0.234732,-0.0329482
incipient,5,RKz,-0.0268106,-0.0753832,-0.0485726
incipient,5,RGe,-0.315779,-0.256184,0.0595942
incipient,5,RKe,0.120338,0.128683,0.00834555
incipient,6,Az,-0.196039,-0.0782093,0.11783
incipient,6,Ae,0.110374,-0.126902,-0.237275
incipient,6,Kz,-0.255498,-0.216315,0.0391822
incipient,6,Ke,0.317195,0.0356935,-0.281501
incipient,6,Cz,-0.221955,-0.0241907,0.197764
incipient,6,Ca,0.0272788,0.0455115,0.0182327
incipient,6,Ck,-0.25022,-0.452274,-0.202054
incipient,6,Ce,-0.181942,-0.442799,-0.260857
incipient,6,Gz,-0.167919,-0.084793,0.0831263
incipient,6,Ge,-0.393225,-0.537815,-0.14459
incipient,6,BAz,-0.240412,-0.0371789,0.203234
incipient,6,BAe,-0.126502,-0.392482,-0.26598
incipient,6,BKz,0.0169818,0.105365,0.0883834
incipient,6,BKe,0.444425,0.362783,-0.081642
incipient,6,BΦZ,-0.225655,-0.121096,0.10456
incipient,6,BΦE,-0.228949,-0.296742,-0.0677937
incipient,6,∂Az/∂t (finite diff.),0.433946,0.341537,-0.0924093
incipient,6,∂Ae/∂t (finite diff.),-0.242411,-0.211928,0.030483
incipient,6,∂Kz/∂t (finite diff.),0.183627,0.058469,-0.125158
incipient,6,∂Ke/∂t (finite diff.),0.145005,0.0147215,-0.130283
incipient,6,RGz,0.374652,0.297273,-0.0773796
incipient,6,RKz,0.120448,-0.00437105,-0.12482
incipient,6,RGe,-0.147156,-0.141815,0.00534149
incipient,6,RKe,-0.374833,-0.373556,0.00127719
incipient,7,Az,0.0219829,0.0395198,0.0175369
incipient,7,Ae,-0.00301234,-0.00633263,-0.0033203
incipient,7,Kz,0.0488581,0.0853933,0.0365352
incipient,7,Ke,-0.178101,-0.122784,0.0553175
incipient,7,Cz,0.383572,0.382438,-0.00113387
incipient,7,Ca,-0.0767401,-0.123712,-0.0469718
incipient,7,Ck,0.466274,0.515028,0.0487539
incipient,7,Ce,-0.149663,-0.124752,0.0249116
incipient,7,Gz,0.321834,0.345848,0.024014
incipient,7,Ge,-0.227669,-0.181622,0.0460479
incipient,7,BAz,0.19076,0.164696,-0.0260634
incipient,7,BAe,0.0880834,0.154579,0.0664952
incipient,7,BKz,-0.181581,-0.121733,0.0598484
incipient,7,BKe,0.626843,0.601048,-0.025795
incipient,7,BΦZ,0.0640105,-0.0121597,-0.0761703
incipient,7,BΦE,0.077323,0.128744,0.0514211
incipient,7,∂Az/∂t (finite diff.),-0.0897977,0.0101123,0.09991
incipient,7,∂Ae/∂t (finite diff.),0.0673882,0.0892453,0.0218571
incipient,7,∂Kz/∂t (finite diff.),-0.00649824,0.0388653,0.0453636
incipient,7,∂Ke/∂t (finite diff.),0.277689,0.256607,-0.0210818
incipient,7,RGz,-0.00271801,0.0498553,0.0525733
incipient,7,RKz,0.0291249,-0.0049388,-0.0340637
incipient,7,RGe,-0.14719,-0.136366,0.0108241
incipient,7,RKe,-0.0547854,-0.0612847,-0.00649932
incipient,8,Az,0.0900189,0.0516373,-0.0383816
incipient,8,Ae,0.0842868,0.12969,0.0454031
incipient,8,Kz,0.0806405,0.0674805,-0.0131601
incipient,8,Ke,0.0912167,0.188924,0.0977073
incipient,8,Cz,-0.0335716,-0.134522,-0.100951
incipient,8,Ca,-0.00951334,0.0385153,0.0480286
incipient,8,Ck,-0.143081,-0.192854,-0.0497725
incipient,8,Ce,-0.0220914,-0.0288879,-0.00679644
incipient,8,Gz,0.00646391,-0.0786903,-0.0851543
incipient,8,Ge,0.0910463,0.0310578,-0.0599885
incipient,8,BAz,-0.157317,-0.117898,0.0394194
incipient,8,BAe,0.242546,0.1289,-0.113646
incipient,8,BKz,0.178164,0.216722,0.0385577
incipient,8,BKe,-0.0318034,0.0313587,0.0631621
incipient,8,BΦZ,-0.0444518,-0.128709,-0.0842571
incipient,8,BΦE,-0.0434731,0.126448,0.169921
incipient,8,∂Az/∂t (finite diff.),0.123723,0.249147,0.125424
incipient,8,∂Ae/∂t (finite diff.),0.722158,0.700743,-0.021415
incipient,8,∂Kz/∂t (finite diff.),0.0996612,0.198805,0.0991442
incipient,8,∂Ke/∂t (finite diff.),0.581886,0.532406,-0.0494798
incipient,8,RGz,0.202091,0.22793,0.0258385
incipient,8,RKz,-0.0876993,-0.0658826,0.0218167
incipient,8,RGe,0.102275,0.190881,0.0886059
incipient,8,RKe,0.153488,0.0795883,-0.0738997
intensification,1,Az,0.242114,0.226646,-0.0154676
intensification,1,Ae,0.748361,0.709861,-0.0385002
intensification,1,Kz,0.357627,0.297343,-0.0602841
intensification,1,Ke,0.730393,0.721588,-0.00880522
intensification,1,Cz,-0.317935,-0.276736,0.0411997
intensification,1,Ca,0.9067,0.890514,-0.016186
intensification,1,Ck,-0.523361,-0.214359,0.309001
intensification,1,Ce,0.887501,0.847177,-0.0403234
intensification,1,Gz,-0.270502,-0.245501,0.0250013
intensification,1,Ge,0.651303,0.622185,-0.0291186
intensification,1,BAz,0.401581,0.396488,-0.00509276
intensification,1,BAe,-0.048943,-0.0912323,-0.0422893
intensification,1,BKz,-0.538841,-0.636751,-0.0979107
intensification,1,BKe,0.285174,0.311672,0.0264983
intensification,1,BΦZ,0.543199,0.670559,0.127359
intensification,1,BΦE,0.430349,-0.788808,-1.21916
intensification,1,∂Az/∂t (finite diff.),-0.335961,-0.244881,0.0910803
intensification,1,∂Ae/∂t (finite diff.),0.240693,0.244572,0.00387966
intensification,1,∂Kz/∂t (finite diff.),0.200109,0.282681,0.0825717
intensification,1,∂Ke/∂t (finite diff.),0.408179,0.380997,-0.0271819
intensification,1,RGz,-0.542575,-0.0699309,0.472644
intensification,1,RKz,0.612348,0.668572,0.0562238
intensification,1,RGe,0.77084,0.281314,-0.489526
intensification,1,RKe,-0.888521,-0.855425,0.0330958
intensification,2,Az,-0.239986,-0.401567,-0.161581
intensification,2,Ae,0.157653,0.23521,0.077557
intensification,2,Kz,0.111848,-0.0422554,-0.154104
intensification,2,Ke,-0.127375,0.100264,0.227639
intensification,2,Cz,-0.333954,-0.583588,-0.249634
intensification,2,Ca,-0.143433,-0.17931,-0.0358773
intensification,2,Ck,0.150599,0.598695,0.448096
intensification,2,Ce,0.167054,0.333225,0.16617
intensification,2,Gz,0.0674265,-0.107658,-0.175085
intensification,2,Ge,0.154196,0.402228,0.248032
intensification,2,BAz,-0.572553,-0.657862,-0.0853083
intensification,2,BAe,0.515823,0.599153,0.0833307
intensification,2,BKz,-0.32892,-0.00182092,0.327099
intensification,2,BKe,-0.283345,0.14064,0.423985
intensification,2,BΦZ,0.684938,0.034816,-0.650122
intensification,2,BΦE,0.736023,0.111188,-0.624835
intensification,2,∂Az/∂t (finite diff.),0.39497,0.106911,-0.288059
intensification,2,∂Ae/∂t (finite diff.),-0.314071,-0.317483,-0.00341187
intensification,2,∂Kz/∂t (finite diff.),0.389516,0.0578198,-0.331696
intensification,2,∂Ke/∂t (finite diff.),-0.391107,-0.0915089,0.299598
intensification,2,RGz,0.498062,0.21722,-0.280843
intensification,2,RKz,0.373137,-0.0154673,-0.388605
intensification,2,RGe,-0.282966,-0.0644946,0.218472
intensification,2,RKe,0.129218,0.0787069,-0.0505113
intensification,3,Az,-0.0270178,-0.0582409,-0.031223
intensification,3,Ae,-0.245034,-0.205546,0.0394874
intensification,3,Kz,-0.3435,-0.156846,0.186654
intensification,3,Ke,-0.00462451,-0.223945,-0.219321
intensification,3,Cz,0.518071,0.198791,-0.31928
intensification,3,Ca,0.0809475,-0.0972618,-0.178209
intensification,3,Ck,-0.35171,-0.246752,0.104958
intensification,3,Ce,-0.161024,-0.164463,-0.00343959
intensification,3,Gz,0.339666,0.245311,-0.0943548
intensification,3,Ge,-0.0513795,-0.106641,-0.0552616
intensification,3,BAz,0.238644,-0.185108,-0.423752
intensification,3,BAe,-0.442402,0.00173151,0.444133
intensification,3,BKz,-0.596945,-0.608055,-0.0111092
intensification,3,BKe,-0.150769,-0.386639,-0.23587
intensification,3,BΦZ,-0.19015,0.647866,0.838015
intensification,3,BΦE,-0.245759,0.0249775,0.270737
intensification,3,∂Az/∂t (finite diff.),0.538647,0.691647,0.153
intensification,3,∂Ae/∂t (finite diff.),0.172086,-0.0231536,-0.19524
intensification,3,∂Kz/∂t (finite diff.),0.509976,0.652748,0.142772
intensification,3,∂Ke/∂t (finite diff.),-0.103253,-0.364136,-0.260883
intensification,3,RGz,0.399671,0.707838,0.308166
intensification,3,RKz,0.612131,0.700728,0.0885974
intensification,3,RGe,0.21023,-0.126447,-0.336678
intensification,3,RKe,-0.0721855,0.163709,0.235895
intensification,4,Az,0.789477,0.675308,-0.114169
intensification,4,Ae,-0.159556,0.0700341,0.22959
intensification,4,Kz,0.649004,0.728016,0.0790117
intensification,4,Ke,-0.378613,-0.27375,0.104863
intensification,4,Cz,-0.0885479,-0.329991,-0.241443
intensification,4,Ca,0.106594,0.144831,0.038237
intensification,4,Ck,-0.179485,-0.0690018,0.110483
intensification,4,Ce,-0.107656,0.034825,0.142481
intensification,4,Gz,-0.342332,-0.425416,-0.0830831
intensification,4,Ge,-0.286016,-0.212211,0.073805
intensification,4,BAz,0.315294,0.0798542,-0.23544
intensification,4,BAe,0.211863,0.537434,0.325571
intensification,4,BKz,0.0294874,0.127573,0.0980858
intensification,4,BKe,-0.379657,-0.322532,0.0571247
intensification,4,BΦZ,0.0675285,0.115385,0.0478565
intensification,4,BΦE,-0.0700991,0.122879,0.192978
intensification,4,∂Az/∂t (finite diff.),0.10874,-0.0287478,-0.137488
intensification,4,∂Ae/∂t (finite diff.),0.308095,0.168464,-0.139631
intensification,4,∂Kz/∂t (finite diff.),0.38791,0.252234,-0.135676
intensification,4,∂Ke/∂t (finite diff.),-0.191352,-0.127732,0.0636203
intensification,4,RGz,-0.278514,-0.244251,0.0342627
intensification,4,RKz,0.130956,0.0232544,-0.107702
intensification,4,RGe,-0.240286,-0.67619,-0.435904
intensification,4,RKe,0.156037,0.179212,0.0231744
intensification,5,Az,0.128754,0.135142,0.00638817
intensification,5,Ae,0.200564,0.112458,-0.0881061
intensification,5,Kz,0.275762,0.173467,-0.102295
intensification,5,Ke,0.0420254,0.0696352,0.0276098
intensification,5,Cz,0.616275,0.517791,-0.0984838
intensification,5,Ca,0.0302198,-0.0461743,-0.0763941
intensification,5,Ck,-0.220029,0.138253,0.358282
intensification,5,Ce,0.0501685,0.162595,0.112427
intensification,5,Gz,0.652619,0.604572,-0.048047
intensification,5,Ge,0.0458913,0.288066,0.242175
intensification,5,BAz,0.0998958,0.08635,-0.0135458
intensification,5,BAe,0.241485,0.446238,0.204753
intensification,5,BKz,0.0197364,-0.0689693,-0.0887057
intensification,5,BKe,-0.308247,-0.0117659,0.296481
intensification,5,BΦZ,0.206563,-0.0424777,-0.249041
intensification,5,BΦE,0.112194,0.345375,0.233181
intensification,5,∂Az/∂t (finite diff.),-0.261163,-0.0949653,0.166197
intensification,5,∂Ae/∂t (finite diff.),0.0442753,0.378676,0.334401
intensification,5,∂Kz/∂t (finite diff.),-0.297939,-0.029745,0.268194
intensification,5,∂Ke/∂t (finite diff.),0.188804,0.425885,0.237081
intensification,5,RGz,0.178142,0.206854,0.0287121
intensification,5,RKz,-0.127931,-0.0409084,0.0870231
intensification,5,RGe,-0.141727,-0.0555223,0.0862048
intensification,5,RKe,0.0865782,0.130856,0.0442781
intensification,6,Az,0.0837185,0.178928,0.0952095
intensification,6,Ae,-0.0751534,-0.392314,-0.31716
intensification,6,Kz,0.0287006,-0.0418109,-0.0705115
intensification,6,Ke,-0.0126495,-0.232721,-0.220072
intensification,6,Cz,0.0295017,-0.101287,-0.130789
intensification,6,Ca,-0.174173,-0.160676,0.0134976
intensification,6,Ck,0.412307,0.570094,0.157787
intensification,6,Ce,0.145111,0.00908365,-0.136027
intensification,6,Gz,0.163298,-0.182475,-0.345774
intensification,6,Ge,0.318126,0.202032,-0.116095
intensification,6,BAz,-0.0512392,0.27889,0.33013
intensification,6,BAe,0.50848,-0.083654,-0.592134
intensification,6,BKz,-0.0534186,-0.0882869,-0.0348682
intensification,6,BKe,0.372719,0.329142,-0.0435774
intensification,6,BΦZ,-0.198546,0.139134,0.337679
intensification,6,BΦE,-0.157682,0.203872,0.361554
intensification,6,∂Az/∂t (finite diff.),0.122578,0.200825,0.0782476
intensification,6,∂Ae/∂t (finite diff.),0.531698,0.379371,-0.152326
intensification,6,∂Kz/∂t (finite diff.),0.286533,0.376124,0.0895909
intensification,6,∂Ke/∂t (finite diff.),0.400421,-0.0154171,-0.415838
intensification,6,RGz,0.0884178,-0.413275,-0.501693
intensification,6,RKz,0.0374117,0.0930995,0.0556878
intensification,6,RGe,-0.0551465,0.461312,0.516458
intensification,6,RKe,0.0311521,0.113513,0.082361
intensification,7,Az,0.0845322,0.109465,0.0249332
intensification,7,Ae,-0.0372354,0.0569587,0.0941941
intensification,7,Kz,0.245173,0.328562,0.0833891
intensification,7,Ke,-0.128502,-0.0802022,0.0482999
intensification,7,Cz,0.195455,0.213934,0.0184788
intensification,7,Ca,-0.0517701,0.0250697,0.0768399
intensification,7,Ck,0.48962,0.23517,-0.25445
intensification,7,Ce,-0.00532601,0.178178,0.183504
intensification,7,Gz,0.264115,0.302929,0.0388135
intensification,7,Ge,-0.0579082,0.188079,0.245987
intensification,7,BAz,0.308707,0.272604,-0.0361035
intensification,7,BAe,-0.137029,-0.0734412,0.0635875
intensification,7,BKz,-0.179489,-0.0547074,0.124782
intensification,7,BKe,0.472358,-0.108012,-0.58037
intensification,7,BΦZ,0.10971,-0.0478037,-0.157513
intensification,7,BΦE,0.125329,-0.0766925,-0.202021
intensification,7,∂Az/∂t (finite diff.),-0.0153806,0.0259539,0.0413346
intensification,7,∂Ae/∂t (finite diff.),-0.258554,-0.536499,-0.277945
intensification,7,∂Kz/∂t (finite diff.),-0.00252059,-0.0710163,-0.0684957
intensification,7,∂Ke/∂t (finite diff.),-0.389615,-0.523452,-0.133837
intensification,7,RGz,-0.189432,-0.110435,0.0789968
intensification,7,RKz,0.0196499,-0.0442384,-0.0638883
intensification,7,RGe,0.0519525,0.109238,0.0572856
intensification,7,RKe,-0.0888054,0.00884933,0.0976547
intensification,8,Az,-0.148758,-0.0614755,0.0872827
intensification,8,Ae,-0.140325,-0.0464885,0.0938367
intensification,8,Kz,-0.11008,-0.107762,0.00231796
intensification,8,Ke,-0.253514,-0.0911647,0.162349
intensification,8,Cz,-0.0246608,-0.128166,-0.103506
intensification,8,Ca,0.00383687,0.0584135,0.0545766
intensification,8,Ck,0.143409,-0.26814,-0.411549
intensification,8,Ce,0.258139,0.231316,-0.0268237
intensification,8,Gz,0.111788,-0.0993418,-0.211129
intensification,8,Ge,0.49019,0.430461,-0.0597292
intensification,8,BAz,0.203034,-0.00348827,-0.206523
intensification,8,BAe,-0.0563132,-0.0396762,0.016637
intensification,8,BKz,0.164099,0.19436,0.0302611
intensification,8,BKe,-0.430302,-0.696335,-0.266034
intensification,8,BΦZ,-0.0307443,-0.0338392,-0.00309493
intensification,8,BΦE,0.0345947,-0.0226361,-0.0572307
intensification,8,∂Az/∂t (finite diff.),0.0111143,-0.0189663,-0.0300806
intensification,8,∂Ae/∂t (finite diff.),0.0550404,0.11105,0.0560094
intensification,8,∂Kz/∂t (finite diff.),0.0874267,0.0345479,-0.0528787
intensification,8,∂Ke/∂t (finite diff.),-0.202504,0.046105,0.248609
intensification,8,RGz,-0.203898,-0.0580529,0.145846
intensification,8,RKz,-0.127658,-0.0839293,0.0437288
intensification,8,RGe,0.340313,0.351917,0.011604
intensification,8,RKe,0.224311,0.293517,0.0692051
mature,1,Az,0.177391,0.197633,0.0202417
mature,1,Ae,0.758397,0.715366,-0.0430319
mature,1,Kz,0.349717,0.314502,-0.0352148
mature,1,Ke,0.59971,0.564203,-0.0355068
mature,1,Cz,-0.310146,-0.255193,0.0549526
mature,1,Ca,0.882757,0.871935,-0.0108217
mature,1,Ck,-0.608367,-0.551208,0.0571587
mature,1,Ce,0.856108,0.768946,-0.0871622
mature,1,Gz,-0.299406,-0.286001,0.0134046
mature,1,Ge,0.537253,0.435818,-0.101435
mature,1,BAz,0.3752,0.369024,-0.00617638
mature,1,BAe,-0.245855,-0.258509,-0.0126537
mature,1,BKz,-0.576597,-0.66089,-0.0842929
mature,1,BKe,-0.0982276,-0.178027,-0.0797998
mature,1,BΦZ,0.679085,0.77579,0.0967051
mature,1,BΦE,0.611466,-0.815481,-1.42695
mature,1,∂Az/∂t (finite diff.),-0.103798,0.0167865,0.120585
mature,1,∂Ae/∂t (finite diff.),-0.188283,-0.190173,-0.00188969
mature,1,∂Kz/∂t (finite diff.),0.152766,0.247543,0.0947763
mature,1,∂Ke/∂t (finite diff.),0.0468016,0.0174162,-0.0293854
mature,1,RGz,-0.480687,0.131212,0.6119
mature,1,RKz,0.695688,0.776534,0.0808463
mature,1,RGe,0.715425,0.0439752,-0.67145
mature,1,RKe,-0.868742,-0.834528,0.0342144
mature,2,Az,0.0451736,0.263615,0.218442
mature,2,Ae,0.0412152,0.212015,0.170799
mature,2,Kz,0.375999,0.595871,0.219872
mature,2,Ke,-0.146279,0.00906323,0.155342
mature,2,Cz,-0.33876,-0.622117,-0.283357
mature,2,Ca,-0.215757,0.102599,0.318356
mature,2,Ck,0.0548436,0.0825501,0.0277065
mature,2,Ce,-0.0234001,0.153348,0.176748
mature,2,Gz,-0.0226455,-0.316451,-0.293805
mature,2,Ge,-0.120922,-0.153134,-0.0322121
mature,2,BAz,-0.578466,-0.543938,0.0345279
mature,2,BAe,0.355624,0.471325,0.115701
mature,2,BKz,-0.200931,0.291275,0.492206
mature,2,BKe,-0.225313,-0.00438043,0.220933
mature,2,BΦZ,0.575524,-0.160665,-0.736189
mature,2,BΦE,0.579112,-0.0552617,-0.634373
mature,2,∂Az/∂t (finite diff.),0.409996,-0.129493,-0.53949
mature,2,∂Ae/∂t (finite diff.),-0.496407,-0.353312,0.143095
mature,2,∂Kz/∂t (finite diff.),0.0939871,-0.269402,-0.363389
mature,2,∂Ke/∂t (finite diff.),-0.545217,-0.281636,0.263581
mature,2,RGz,0.553033,0.130193,-0.42284
mature,2,RKz,0.200422,-0.257414,-0.457836
mature,2,RGe,-0.452595,-0.644176,-0.191582
mature,2,RKe,0.0622263,-0.0849513,-0.147178
mature,3,Az,0.206931,0.251988,0.0450563
mature,3,Ae,-0.191446,-0.265705,-0.0742595
mature,3,Kz,-0.16614,0.0996474,0.265787
mature,3,Ke,-0.234846,-0.412907,-0.178061
mature,3,Cz,0.494171,0.136338,-0.357833
mature,3,Ca,0.00357547,-0.186507,-0.190082
mature,3,Ck,-0.275385,-0.233133,0.0422518
mature,3,Ce,-0.244529,-0.392155,-0.147626
mature,3,Gz,0.123484,0.0272095,-0.0962742
mature,3,Ge,-0.182513,-0.458457,-0.275944
mature,3,BAz,0.438345,-0.118052,-0.556396
mature,3,BAe,-0.227769,0.132092,0.35986
mature,3,BKz,-0.496077,-0.34211,0.153967
mature,3,BKe,-0.400038,-0.475011,-0.0749734
mature,3,BΦZ,-0.046923,0.466092,0.513015
mature,3,BΦE,-0.115088,0.00297129,0.118059
mature,3,∂Az/∂t (finite diff.),0.556736,0.617824,0.0610882
mature,3,∂Ae/∂t (finite diff.),0.220459,-0.0213035,-0.241763
mature,3,∂Kz/∂t (finite diff.),0.573811,0.451773,-0.122037
mature,3,∂Ke/∂t (finite diff.),-0.0121052,-0.303668,-0.291563
mature,3,RGz,0.242753,0.532716,0.289962
mature,3,RKz,0.575372,0.463403,-0.111969
mature,3,RGe,0.0282524,-0.436966,-0.465218
mature,3,RKe,0.116016,0.244061,0.128045
mature,4,Az,0.723276,0.381541,-0.341735
mature,4,Ae,-0.0915959,-0.0297253,0.0618706
mature,4,Kz,0.524093,0.218802,-0.305291
mature,4,Ke,-0.401113,-0.226067,0.175046
mature,4,Cz,-0.281625,-0.164904,0.116721
mature,4,Ca,0.0844286,-0.0260558,-0.110484
mature,4,Ck,0.143742,0.60555,0.461808
mature,4,Ce,0.0712094,0.27276,0.20155
mature,4,Gz,-0.483028,-0.218987,0.264041
mature,4,Ge,-0.114392,0.311504,0.425897
mature,4,BAz,0.126165,0.142757,0.0165927
mature,4,BAe,0.46509,0.504407,0.0393169
mature,4,BKz,0.099688,-0.214112,-0.3138
mature,4,BKe,0.0955412,0.489686,0.394145
mature,4,BΦZ,-0.0249543,0.185214,0.210168
mature,4,BΦE,-0.0907669,0.319581,0.410348
mature,4,∂Az/∂t (finite diff.),-0.0504662,0.108826,0.159292
mature,4,∂Ae/∂t (finite diff.),0.45012,0.438359,-0.011761
mature,4,∂Kz/∂t (finite diff.),0.328017,0.547593,0.219575
mature,4,∂Ke/∂t (finite diff.),0.0838497,0.0768469,-0.0070028
mature,4,RGz,-0.367756,-0.284644,0.0831118
mature,4,RKz,0.0250134,0.187207,0.162194
mature,4,RGe,-0.168377,0.0759915,0.244368
mature,4,RKe,0.0714164,0.138428,0.0670116
mature,5,Az,-0.212096,-0.509215,-0.297119
mature,5,Ae,0.0327613,0.0775314,0.0447701
mature,5,Kz,-0.208151,-0.222524,-0.0143726
mature,5,Ke,0.0460309,0.249556,0.203525
mature,5,Cz,-0.0101706,-0.167467,-0.157297
mature,5,Ca,-0.153875,-0.220708,-0.0668332
mature,5,Ck,0.578834,0.414326,-0.164509
mature,5,Ce,0.280552,0.175458,-0.105094
mature,5,Gz,0.201785,0.294855,0.0930701
mature,5,Ge,0.486163,0.388043,-0.0981194
mature,5,BAz,-0.0715776,-0.47046,-0.398883
mature,5,BAe,0.362721,0.0229111,-0.33981
mature,5,BKz,-0.317157,-0.23193,0.0852271
mature,5,BKe,0.670404,0.274857,-0.395547
mature,5,BΦZ,-0.0990802,0.050308,0.149388
mature,5,BΦE,0.0144081,0.112359,0.0979512
mature,5,∂Az/∂t (finite diff.),0.205083,0.357806,0.152723
mature,5,∂Ae/∂t (finite diff.),0.198561,-0.463545,-0.662106
mature,5,∂Kz/∂t (finite diff.),0.419843,0.065205,-0.354638
mature,5,∂Ke/∂t (finite diff.),0.0612904,-0.377599,-0.43889
mature,5,RGz,0.151431,0.489856,0.338425
mature,5,RKz,0.189113,0.093279,-0.0958343
mature,5,RGe,0.115204,0.267425,0.15222
mature,5,RKe,-0.011271,-0.00998182,0.00128922
mature,6,Az,0.26307,0.12643,-0.13664
mature,6,Ae,0.200956,0.292041,0.0910851
mature,6,Kz,0.354189,0.189775,-0.164413
mature,6,Ke,-0.0528508,0.103528,0.156379
mature,6,Cz,0.579573,0.532126,-0.0474472
mature,6,Ca,-0.0222603,0.0334985,0.0557588
mature,6,Ck,-0.0430871,-0.00443406,0.038653
mature,6,Ce,0.05871,0.0822922,0.0235822
mature,6,Gz,0.596189,0.625954,0.0297648
mature,6,Ge,0.0383652,0.00425706,-0.0341081
mature,6,BAz,0.171918,0.0732963,-0.0986213
mature,6,BAe,0.318726,0.37085,0.0521241
mature,6,BKz,-0.0894052,-0.159256,-0.0698506
mature,6,BKe,0.0688072,0.192479,0.123672
mature,6,BΦZ,0.198246,-0.0537421,-0.251988
mature,6,BΦE,0.136998,0.154137,0.0171389
mature,6,∂Az/∂t (finite diff.),-0.217708,-0.100222,0.117486
mature,6,∂Ae/∂t (finite diff.),0.0174535,0.030432,0.0129785
mature,6,∂Kz/∂t (finite diff.),-0.291842,-0.201276,0.0905661
mature,6,∂Ke/∂t (finite diff.),0.321533,0.388572,0.0670389
mature,6,RGz,0.133008,0.359969,0.22696
mature,6,RKz,-0.0878477,-0.0144059,0.0734418
mature,6,RGe,-0.195184,-0.331103,-0.135919
mature,6,RKe,-0.0174495,-0.0722559,-0.0548064
mature,7,Az,-0.304137,-0.443342,-0.139205
mature,7,Ae,0.0769097,0.0335347,-0.0433751
mature,7,Kz,-0.327251,-0.466712,-0.139461
mature,7,Ke,0.0805365,0.145084,0.0645477
mature,7,Cz,-0.12719,-0.252766,-0.125577
mature,7,Ca,0.0603595,0.00807898,-0.0522805
mature,7,Ck,-0.263417,-0.112562,0.150855
mature,7,Ce,-0.138328,-0.122057,0.0162712
mature,7,Gz,-0.123334,-0.177734,-0.0544001
mature,7,Ge,-0.361095,-0.313612,0.047483
mature,7,BAz,-0.256463,-0.319718,-0.0632549
mature,7,BAe,0.287686,0.251525,-0.0361608
mature,7,BKz,-0.13265,-0.0951949,0.0374553
mature,7,BKe,0.0141295,0.217674,0.203544
mature,7,BΦZ,0.128779,0.146103,0.0173239
mature,7,BΦE,0.171756,-0.0391848,-0.210941
mature,7,∂Az/∂t (finite diff.),-0.236539,-0.204057,0.0324822
mature,7,∂Ae/∂t (finite diff.),0.402941,0.367661,-0.0352801
mature,7,∂Kz/∂t (finite diff.),0.0400548,0.0947919,0.0547371
mature,7,∂Ke/∂t (finite diff.),0.463976,0.365399,-0.0985764
mature,7,RGz,0.0556463,0.0417638,-0.0138825
mature,7,RKz,0.206915,0.168907,-0.0380079
mature,7,RGe,-0.245293,-0.262122,-0.0168293
mature,7,RKe,-0.0753191,-0.127744,-0.0524253
mature,8,Az,0.193482,0.0966041,-0.0968774
mature,8,Ae,0.291999,-0.0860923,-0.378092
mature,8,Kz,0.0580633,0.0850972,0.0270339
mature,8,Ke,0.418546,-0.1508,-0.569346
mature,8,Cz,-0.0504508,-0.19541,-0.144959
mature,8,Ca,0.0304011,0.0466673,0.0162662
mature,8,Ck,-0.155567,-0.195284,-0.0397164
mature,8,Ce,0.0368906,0.138767,0.101876
mature,8,Gz,-0.0783461,0.084593,0.162939
mature,8,Ge,-0.0983908,0.303441,0.401832
mature,8,BAz,-0.0423838,-0.297013,-0.254629
mature,8,BAe,0.132463,0.00475382,-0.127709
mature,8,BKz,0.185702,0.234228,0.0485257
mature,8,BKe,0.0815044,-0.240901,-0.322406
mature,8,BΦZ,-0.270789,-0.0796827,0.191107
mature,8,BΦE,-0.3206,-0.0809682,0.239632
mature,8,∂Az/∂t (finite diff.),0.4029,0.125271,-0.277629
mature,8,∂Ae/∂t (finite diff.),-0.190689,0.283711,0.4744
mature,8,∂Kz/∂t (finite diff.),0.0759481,0.069184,-0.00676408
mature,8,∂Ke/∂t (finite diff.),0.240426,0.392256,0.15183
mature,8,RGz,0.255111,0.332856,0.0777443
mature,8,RKz,-0.0549893,-0.0692649,-0.0142755
mature,8,RGe,-0.161737,0.269973,0.43171
mature,8,RKe,-0.157403,0.080853,0.238256
decay,1,Az,0.271774,0.313098,0.0413232
decay,1,Ae,0.63447,0.584596,-0.049874
decay,1,Kz,0.328785,0.343912,0.0151275
decay,1,Ke,0.502924,0.464275,-0.0386483
decay,1,Cz,0.0526288,0.0885597,0.0359309
decay,1,Ca,0.89637,0.883687,-0.0126829
decay,1,Ck,-0.645051,-0.59163,0.0534209
decay,1,Ce,0.840144,0.769489,-0.0706548
decay,1,Gz,-0.110899,-0.113789,-0.00288945
decay,1,Ge,0.494849,0.419343,-0.0755061
decay,1,BAz,0.62967,0.60428,-0.0253906
decay,1,BAe,-0.539748,-0.550493,-0.0107457
decay,1,BKz,-0.692042,-0.752204,-0.0601626
decay,1,BKe,-0.338296,-0.380011,-0.0417157
decay,1,BΦZ,0.711534,0.796583,0.0850489
decay,1,BΦE,0.593548,-0.807956,-1.4015
decay,1,∂Az/∂t (finite diff.),0.0981223,0.207274,0.109151
decay,1,∂Ae/∂t (finite diff.),-0.131634,-0.145438,-0.0138045
decay,1,∂Kz/∂t (finite diff.),0.339794,0.406117,0.0663233
decay,1,∂Ke/∂t (finite diff.),-0.207308,-0.224881,-0.0175733
decay,1,RGz,-0.451222,0.12671,0.577932
decay,1,RKz,0.794756,0.85133,0.0565734
decay,1,RGe,0.817197,0.219839,-0.597357
decay,1,RKe,-0.818474,-0.762252,0.0562215
decay,2,Az,0.486949,0.377795,-0.109154
decay,2,Ae,-0.25933,-0.31019,-0.0508602
decay,2,Kz,0.298186,0.222256,-0.0759301
decay,2,Ke,-0.294837,-0.348855,-0.0540175
decay,2,Cz,0.380808,0.254613,-0.126194
decay,2,Ca,-0.0891526,-0.172464,-0.0833118
decay,2,Ck,-0.252701,-0.256254,-0.00355297
decay,2,Ce,-0.313982,-0.430476,-0.116494
decay,2,Gz,0.0341066,0.000223911,-0.0338827
decay,2,Ge,-0.416875,-0.568466,-0.15159
decay,2,BAz,0.0640696,-0.133313,-0.197383
decay,2,BAe,-0.109454,0.0434093,0.152863
decay,2,BKz,-0.325785,-0.254417,0.071368
decay,2,BKe,-0.422937,-0.402006,0.0209307
decay,2,BΦZ,0.0648707,0.32361,0.258739
decay,2,BΦE,-0.0852818,0.121566,0.206847
decay,2,∂Az/∂t (finite diff.),0.679051,0.59255,-0.086501
decay,2,∂Ae/∂t (finite diff.),-0.20491,-0.181571,0.0233385
decay,2,∂Kz/∂t (finite diff.),0.34814,0.240254,-0.107886
decay,2,∂Ke/∂t (finite diff.),-0.156195,-0.11878,0.0374148
decay,2,RGz,0.528371,0.603491,0.0751192
decay,2,RKz,0.381917,0.311479,-0.0704388
decay,2,RGe,-0.210591,-0.460033,-0.249441
decay,2,RKe,0.18037,0.2844,0.10403
decay,3,Az,0.24684,0.624726,0.377886
decay,3,Ae,-0.0327573,0.0157469,0.0485042
decay,3,Kz,-0.0745391,0.429182,0.503721
decay,3,Ke,-0.00489694,-0.281479,-0.276582
decay,3,Cz,0.508009,0.594281,0.0862721
decay,3,Ca,0.220044,0.0894714,-0.130572
decay,3,Ck,-0.338921,0.012539,0.35146
decay,3,Ce,-0.1292,0.0197239,0.148924
decay,3,Gz,0.0668941,0.10129,0.0343955
decay,3,Ge,-0.145276,0.0754625,0.220738
decay,3,BAz,0.470636,0.577178,0.106542
decay,3,BAe,-0.383017,0.0283895,0.411407
decay,3,BKz,0.216097,0.0779931,-0.138104
decay,3,BKe,-0.246049,0.0597451,0.305794
decay,3,BΦZ,-0.43802,-0.135471,0.302549
decay,3,BΦE,-0.531525,0.140081,0.671606
decay,3,∂Az/∂t (finite diff.),-0.153509,-0.0548421,0.0986665
decay,3,∂Ae/∂t (finite diff.),0.509913,0.379492,-0.130421
decay,3,∂Kz/∂t (finite diff.),-0.148126,-0.0220461,0.12608
decay,3,∂Ke/∂t (finite diff.),0.552413,0.480948,-0.0714645
decay,3,RGz,-0.258228,-0.300892,-0.0426646
decay,3,RKz,-0.165234,-0.130428,0.0348057
decay,3,RGe,0.264604,0.00827737,-0.256327
decay,3,RKe,0.0465316,0.10622,0.0596882
decay,4,Az,0.567119,0.253313,-0.313806
decay,4,Ae,0.0844114,0.127195,0.0427836
decay,4,Kz,0.609888,0.473813,-0.136075
decay,4,Ke,-0.272898,-0.126907,0.14599
decay,4,Cz,0.0736226,-0.309267,-0.38289
decay,4,Ca,-0.0615989,-0.115786,-0.0541872
decay,4,Ck,0.459495,0.64379,0.184294
decay,4,Ce,0.209813,0.252334,0.0425205
decay,4,Gz,-0.105397,-0.181007,-0.0756106
decay,4,Ge,0.325295,0.311033,-0.0142612
decay,4,BAz,0.309166,-0.0477009,-0.356866
decay,4,BAe,0.392778,0.550171,0.157393
decay,4,BKz,-0.018738,-0.171828,-0.15309
decay,4,BKe,0.535184,0.549657,0.0144735
decay,4,BΦZ,-0.130535,0.180037,0.310572
decay,4,BΦE,-0.186373,0.184739,0.371113
decay,4,∂Az/∂t (finite diff.),0.139976,0.225653,0.0856767
decay,4,∂Ae/∂t (finite diff.),0.128163,-0.217339,-0.345502
decay,4,∂Kz/∂t (finite diff.),0.270394,0.353582,0.0831876
decay,4,∂Ke/∂t (finite diff.),0.0872718,-0.313039,-0.400311
decay,4,RGz,-0.265677,-0.131795,0.133882
decay,4,RKz,-0.0368133,0.10873,0.145544
decay,4,RGe,-0.0791153,-0.274773,-0.195658
decay,4,RKe,-0.0246058,-0.0223402,0.00226563
decay,5,Az,-0.18697,-0.0159744,0.170996
decay,5,Ae,0.109441,0.432473,0.323032
decay,5,Kz,-0.160646,0.112576,0.273222
decay,5,Ke,0.113414,0.324038,0.210624
decay,5,Cz,0.564488,0.283038,-0.281451
decay,5,Ca,-0.105169,0.0324323,0.137601
decay,5,Ck,0.0994398,-0.0637901,-0.16323
decay,5,Ce,0.107514,0.153096,0.0455814
decay,5,Gz,0.828757,0.571638,-0.257118
decay,5,Ge,0.342031,0.153784,-0.188247
decay,5,BAz,0.0356115,-0.172766,-0.208377
decay,5,BAe,0.162323,0.332469,0.170147
decay,5,BKz,-0.189298,-0.0295577,0.159741
decay,5,BKe,0.181555,-0.0227228,-0.204278
decay,5,BΦZ,0.0446522,-0.140801,-0.185453
decay,5,BΦE,0.041367,0.0970915,0.0557245
decay,5,∂Az/∂t (finite diff.),0.0317909,-0.0897494,-0.12154
decay,5,∂Ae/∂t (finite diff.),-0.037669,-0.21809,-0.180421
decay,5,∂Kz/∂t (finite diff.),-0.0212924,-0.330477,-0.309184
decay,5,∂Ke/∂t (finite diff.),0.197034,0.13423,-0.0628041
decay,5,RGz,0.328963,0.431021,0.102058
decay,5,RKz,0.0540337,-0.0914439,-0.145478
decay,5,RGe,-0.0117495,-0.387703,-0.375953
decay,5,RKe,-0.0397907,-0.080306,-0.0405153
decay,6,Az,-0.27784,-0.20785,0.0699898
decay,6,Ae,0.0286418,0.247691,0.219049
decay,6,Kz,-0.360579,-0.267663,0.0929165
decay,6,Ke,0.290668,0.344216,0.0535476
decay,6,Cz,-0.231018,0.174467,0.405485
decay,6,Ca,-0.00231616,-0.0468011,-0.0444849
decay,6,Ck,0.107151,-0.0262316,-0.133382
decay,6,Ce,0.0160498,-0.00664375,-0.0226935
decay,6,Gz,-0.1162,-0.0906165,0.0255831
decay,6,Ge,0.119431,0.0240521,-0.0953792
decay,6,BAz,-0.0260073,0.342397,0.368404
decay,6,BAe,-0.0778295,0.203104,0.280934
decay,6,BKz,-0.0197223,0.144558,0.16428
decay,6,BKe,0.171249,-0.330658,-0.501908
decay,6,BΦZ,-0.360749,0.00869886,0.369448
decay,6,BΦE,-0.314108,0.22621,0.540318
decay,6,∂Az/∂t (finite diff.),0.449486,0.15142,-0.298066
decay,6,∂Ae/∂t (finite diff.),0.261041,-0.00299973,-0.26404
decay,6,∂Kz/∂t (finite diff.),0.610358,0.369633,-0.240724
decay,6,∂Ke/∂t (finite diff.),-0.0346231,-0.162741,-0.128117
decay,6,RGz,0.1209,-0.287661,-0.408561
decay,6,RKz,0.191871,-0.00867898,-0.20055
decay,6,RGe,0.151595,-0.202618,-0.354213
decay,6,RKe,-0.0528144,0.286918,0.339732
decay,7,Az,0.219388,0.226373,0.00698466
decay,7,Ae,0.473608,0.196897,-0.276711
decay,7,Kz,0.272447,0.306319,0.0338719
decay,7,Ke,0.425233,0.0366163,-0.388617
decay,7,Cz,-0.182202,-0.352694,-0.170492
decay,7,Ca,0.0503906,0.176855,0.126465
decay,7,Ck,-0.250306,-0.267227,-0.0169212
decay,7,Ce,0.0251847,-0.00771521,-0.0328999
decay,7,Gz,-0.0393461,-0.559313,-0.519967
decay,7,Ge,-0.0210246,-0.307833,-0.286809
decay,7,BAz,-0.325548,-0.0481766,0.277371
decay,7,BAe,0.282514,0.122895,-0.159619
decay,7,BKz,0.15328,0.228691,0.0754105
decay,7,BKe,-0.125117,-0.256057,-0.130939
decay,7,BΦZ,-0.0389926,-0.0739394,-0.0349468
decay,7,BΦE,-0.0520999,-0.162894,-0.110794
decay,7,∂Az/∂t (finite diff.),0.101195,-0.309809,-0.411004
decay,7,∂Ae/∂t (finite diff.),0.171176,-0.0909745,-0.26215
decay,7,∂Kz/∂t (finite diff.),-0.12084,-0.338377,-0.217537
decay,7,∂Ke/∂t (finite diff.),0.316653,-0.0604459,-0.377099
decay,7,RGz,0.341376,-0.245546,-0.586922
decay,7,RKz,-0.0660305,-0.177837,-0.111807
decay,7,RGe,-0.17793,-0.534305,-0.356375
decay,7,RKe,-0.0921354,-0.0701305,0.0220049
decay,8,Az,-0.0421011,-0.0759945,-0.0338934
decay,8,Ae,-0.175639,0.185227,0.360866
decay,8,Kz,-0.075236,-0.121358,-0.0461222
decay,8,Ke,-0.314094,0.150699,0.464793
decay,8,Cz,-0.117078,-0.249502,-0.132424
decay,8,Ca,0.0469583,0.0661516,0.0191932
decay,8,Ck,-0.00224948,-0.0632394,-0.0609899
decay,8,Ce,-0.0637816,-0.023807,0.0399746
decay,8,Gz,-0.0696126,-0.168992,-0.0993798
decay,8,Ge,-0.134616,-0.0877714,0.0468442
decay,8,BAz,-0.184592,-0.225669,-0.0410766
decay,8,BAe,0.07506,0.22082,0.14576
decay,8,BKz,-0.293584,-0.0838088,0.209775
decay,8,BKe,0.159737,0.127825,-0.0319116
decay,8,BΦZ,0.254706,0.165721,-0.0889847
decay,8,BΦE,0.292485,0.083667,-0.208818
decay,8,∂Az/∂t (finite diff.),-0.138916,0.0212628,0.160179
decay,8,∂Ae/∂t (finite diff.),0.586923,0.701653,0.114731
decay,8,∂Kz/∂t (finite diff.),0.086111,0.213583,0.127472
decay,8,∂Ke/∂t (finite diff.),0.462733,0.548091,0.0853575
decay,8,RGz,0.0815014,0.192351,0.110849
decay,8,RKz,0.259546,0.172362,-0.0871842
decay,8,RGe,0.0315682,-0.123215,-0.154783
decay,8,RKe,0.00523474,-0.0243814,-0.0296162
