phase,published_eof,published_raw_rank,corrected_raw_rank,pattern_correlation,sign_alignment,sign_flip_applied,published_explained_variance_pct,corrected_matched_explained_variance_pct,rank_swapped,max_abs_loading_difference
incipient,1,1,1,0.855490429344,1,False,20.78884053,20.579724397,False,0.951010063921
incipient,2,2,3,0.773920005382,-1,True,13.7047638517,10.5481601223,True,0.703418644958
incipient,3,3,2,0.939058616469,1,False,11.9783925618,14.0238952641,True,0.247321170554
incipient,4,4,4,0.820713251626,1,False,8.6626668526,8.86490718874,False,0.39744732352
intensification,1,1,1,0.823592696571,1,False,28.6268345416,27.5491737827,False,1.24362617903
intensification,2,2,2,0.712857532888,1,False,12.3275737676,14.1489764201,False,0.662157215143
intensification,3,3,4,0.628134963632,1,False,11.0391025897,9.4717748583,True,0.576862524171
intensification,4,4,3,0.913373275687,1,False,8.83148166616,10.5472127574,True,0.400674452948
mature,1,1,1,0.771618724182,1,False,28.4719486826,26.3036502615,False,1.42606531163
mature,2,2,2,0.691256748982,1,False,11.7276334054,11.8021344006,False,0.558823552661
mature,3,3,3,0.519531944282,1,False,9.95369791525,10.205476981,False,0.636025027803
mature,4,4,4,0.810214198735,1,False,8.54363071324,9.3031244422,False,0.368144842268
decay,1,1,1,0.79874691698,1,False,29.0269543185,29.1745833266,False,1.3837123653
decay,2,2,2,0.799739019247,1,False,10.6015706756,11.071528881,False,0.441675932909
decay,3,3,3,0.719307591311,1,False,9.7257669878,9.07909881989,False,0.512341696081
decay,4,4,4,0.686245843343,1,False,8.41587284042,8.04128612949,False,0.448291608822
