term,published_eof2,matched_corrected_raw3,unmatched_corrected_raw2
Az,-0.134598362548,0.066009331205,-0.203147923215
Ae,0.559251369554,0.402309035644,-0.53714337734
Kz,0.258832997762,0.338475003559,-0.303341826213
Ke,0.120614137768,0.0731138408441,-0.298500562787
Cz,-0.44690262893,-0.280047394819,0.385094677235
Ca,-0.121588456983,-0.0782235600307,-0.171961734137
Ck,0.295751889604,0.0523024758787,-0.14629415111
Ce,0.301598348246,0.115596194748,-0.230199938176
BAz,-0.445177753545,-0.399344891336,-0.0849392591833
BAe,0.790222142908,0.638869964371,-0.371647718091
BKz,0.026316855816,-0.224231654345,-0.500397759631
BKe,-0.065834026338,-0.17472885573,-0.314830955547
BΦZ,0.733239778931,0.364531196536,0.476599664689
BΦE,0.770362178449,0.0669435334909,0.23690737129
Gz,-0.105115075996,-0.0692666502516,0.561200250978
Ge,-0.224650587181,-0.297270398888,0.44237672401
∂Az/∂t (finite diff.),0.0709747618402,0.388809064558,0.425135212672
∂Ae/∂t (finite diff.),-0.279021325379,-0.327620287077,0.19364352864
∂Kz/∂t (finite diff.),0.147973563913,0.409811889397,0.408340330695
∂Ke/∂t (finite diff.),-0.0714643738292,-0.0930629301772,-0.227218156703
RGz,0.151850403118,0.45186538431,0.58405247732
RKz,0.0523265055344,0.379113812342,0.546049710796
RGe,-0.56960371133,-0.688315107681,0.415255941889
RKe,0.0580571265609,0.0949719795611,0.255851604932
