track_id,cluster,duration
20010049,4,10
20200994,1,6
20180941,4,6
20100872,4,4
19970364,4,6
19931162,3,9
20030762,1,5
19960665,2,5
19790205,1,8
20110398,3,7
19800411,3,6
20111034,3,9
20140766,2,5
20202365,3,8
19840892,4,8
19840433,3,5
19920976,1,4
19790048,3,7
19901102,4,9
20020159,3,6
20010527,1,7
19900520,1,7
20091031,1,6
20050427,4,11
19841134,2,5
19960625,2,2
20050708,4,8
20141039,1,5
19950580,4,4
20160337,1,9
20204655,3,2
19990947,2,6
20130613,4,10
19850248,4,4
20130162,1,6
19981089,3,4
20010567,4,3
20070518,1,3
19810626,3,9
19920418,3,8
20150880,4,6
20010535,1,5
20000745,3,3
19970797,2,4
20140651,4,6
20120206,4,7
19930531,1,2
19990329,3,6
19880068,4,7
20040075,4,6
20070855,3,7
20180654,3,6
20140066,2,6
20030870,4,4
20131018,4,7
20100011,4,7
20040105,4,6
20040950,2,5
20180970,4,6
20190028,4,4
20040957,4,9
19831065,1,5
19900709,4,5
19890925,4,10
20150049,4,7
19850438,4,10
20130953,4,9
20050533,4,9
19980224,3,10
20091007,4,6
20140156,3,12
19860853,2,4
20209135,4,5
20051116,4,3
20000160,3,5
20191014,1,8
20020352,4,4
20020423,4,10
19870214,1,6
20120341,3,5
20150039,4,5
19820765,2,5
20100705,1,5
19800256,3,4
19860229,4,14
19880215,4,9
20090588,1,6
20091022,1,5
20190536,4,11
20010995,3,4
19901116,4,4
20060769,2,5
19960496,1,5
20000716,1,6
19840557,1,10
20100026,3,3
20070519,2,7
20130777,4,7
19870253,4,5
19860154,3,5
20060564,1,6
19990823,1,4
20050694,1,4
20040932,3,9
19820652,4,6
20160253,4,5
19791072,3,6
20140379,4,7
20020230,3,7
19920614,1,7
20200367,4,4
19791150,3,6
20100144,1,3
19890152,4,8
20110244,3,11
19990740,2,4
20150266,3,8
19890971,4,6
20030707,3,8
19830215,4,5
19970555,2,3
19860162,4,9
20070219,3,9
19860584,4,7
20030319,4,13
19980424,3,4
19810721,4,5
19981054,4,6
20050361,1,7
20091124,1,8
20120185,2,5
20100050,2,9
19990385,3,6
19850509,3,5
20020363,3,6
19931147,4,6
19850479,4,5
20000595,2,3
19890770,4,7
20050256,3,4
20140098,4,3
19801016,4,9
19940373,4,3
19800948,1,6
20206145,4,5
19940374,1,5
20070989,3,6
19930396,4,6
19970518,4,4
20190036,2,10
19800703,4,5
19900742,3,3
20060913,2,4
19990928,1,5
20121159,3,6
19790820,3,4
19950299,3,5
19940134,4,6
19970836,1,7
19870483,1,5
20031122,1,6
19961070,3,4
19800898,4,18
20000787,4,8
20110494,1,5
20120613,4,11
20060153,1,10
20160030,3,6
20051087,4,7
19820514,4,6
19920685,2,4
19890324,1,10
19790917,4,9
19970901,4,3
19960782,3,7
20150135,4,6
20030685,2,5
19850342,2,3
19940051,4,2
19840975,2,4
20170858,4,7
20160754,4,9
20120789,1,4
20150805,4,10
20000193,4,9
19940933,4,7
19880946,4,4
19880012,3,7
20020940,2,5
19910317,3,2
20100502,1,8
19940067,4,7
19800657,4,3
20140979,2,4
19860758,1,5
19980652,4,6
20161085,4,4
19940479,2,5
19890683,4,3
19800999,4,8
19970724,1,3
19860346,1,6
19840834,3,5
19930022,1,7
20110538,2,8
20100234,4,9
19850849,3,4
19811042,4,6
19910421,4,4
20130191,4,6
19791038,3,3
20020429,1,7
20020877,4,11
19940621,1,3
20171007,3,7
20091085,3,11
20151178,1,10
19820983,4,5
20100079,3,4
19821022,4,8
19960347,3,3
19970130,3,9
20070265,2,3
20050942,3,6
20130253,2,6
20100560,4,4
19971059,4,5
20180576,1,6
20050721,4,6
19940726,1,7
19951174,4,9
20020328,3,6
20206498,3,5
19810179,2,3
20140086,1,4
20130301,4,10
19970140,4,4
19951016,4,3
20020930,4,5
20010634,2,6
19920719,3,14
20040516,4,6
20120582,2,5
20209245,4,4
19990525,4,5
19900661,4,7
20000245,4,5
20070197,1,6
20110899,2,7
20190870,3,5
19920501,1,4
20070322,4,7
20030355,4,9
19930654,3,5
20140692,3,3
20130540,4,5
19920424,4,4
20151148,4,6
19910886,4,7
20181188,1,7
20150699,2,6
20060582,3,6
19840098,3,5
20181052,3,5
19880964,3,5
20040792,1,3
20100087,4,9
19961015,4,10
20150827,2,4
19911042,4,8
19830822,2,7
19790802,2,3
20110774,3,5
19990958,4,9
20010161,1,5
20120955,2,6
19840674,4,6
19911132,3,6
19971118,3,6
20180159,4,9
20031107,4,6
19790644,3,6
20180628,1,3
19790135,3,6
19821113,4,8
19820337,3,8
19870641,4,3
20130968,4,6
19920543,4,10
19941069,2,4
19900940,4,10
20030838,4,5
20020611,4,7
20060035,3,5
19830126,4,11
19930045,2,5
19870495,2,4
19910454,1,5
20041006,1,5
20090033,4,6
20190674,2,4
20170049,3,5
19900070,3,4
19940776,4,9
20040307,1,6
20100196,2,7
20204474,4,4
20010483,1,6
20050977,3,4
19950629,2,7
20031173,3,3
20071026,2,6
19870710,4,5
20170410,4,3
20160742,4,11
20040347,3,5
19991072,2,7
20140500,2,3
19970867,2,6
19830921,3,4
20001113,1,9
19820808,1,4
19920442,1,5
20160721,4,2
20190844,2,2
20170556,4,6
20111083,4,8
20050497,1,5
19950191,4,6
19980850,1,11
19880650,2,6
19891057,4,8
19970408,1,5
19980017,3,4
19860095,4,2
20050752,1,8
20141063,4,9
20140997,4,8
20130534,1,8
19890079,4,4
19950728,1,3
20031157,4,5
20190580,1,16
20050558,4,4
19860298,4,8
19960557,4,8
20020916,4,5
20050665,2,2
20020495,2,5
20040565,1,3
20090774,2,10
20000465,4,7
20180545,4,4
20070695,1,8
19880874,4,5
19860443,1,5
20140118,4,4
20030472,1,4
20180608,3,4
20090910,3,8
20060620,4,4
20010428,3,13
19921005,2,4
19920472,2,9
19940383,2,2
20170534,1,6
19840606,3,9
20190742,4,6
19940163,2,6
19840188,2,9
20160486,3,6
20020394,3,14
19880698,1,5
20010146,1,5
19950512,2,4
19950547,4,9
19810388,2,4
20180244,1,3
20121109,4,7
20020816,4,8
19960993,1,7
19860202,3,7
20070399,4,5
20110888,4,7
19810659,2,7
19920460,3,3
20120172,4,3
20020803,2,3
20101141,4,12
20110037,4,7
19980067,3,5
19931108,2,3
20070608,2,8
20190620,4,6
20170794,1,9
19850265,4,7
20010700,4,5
19890108,4,8
19800936,4,11
20050282,4,4
20160735,3,10
20080093,2,6
20030573,3,5
19970127,3,6
19920451,4,7
20170299,3,6
20120745,4,12
19870642,4,6
20120478,3,5
20140201,2,4
19800725,3,7
19940115,3,7
19790585,3,3
20041036,4,5
20080109,4,8
20150953,2,6
19790770,1,3
19900390,4,5
19980803,2,5
20100682,2,7
19910691,1,8
20150871,4,6
19850785,4,8
19790369,4,6
20100437,4,8
19950255,4,4
19970579,3,4
19991045,4,3
20080542,1,3
19790391,4,8
20150637,4,4
20120911,1,8
20190172,3,5
20090133,4,5
19960679,3,5
19940463,4,7
19840829,4,8
19980204,1,12
19980520,4,4
20110323,1,10
19940431,1,3
20050312,4,4
19870780,4,2
19921039,4,6
20140418,1,7
20170033,4,8
19950852,3,3
19830893,1,5
19950970,4,8
20190008,2,5
19960027,3,9
20061156,4,7
20000888,1,3
19960308,2,10
20191103,4,12
20011154,4,6
20091145,3,4
20080717,4,8
20050222,4,6
20080660,1,3
19901076,3,5
20020087,3,9
20050471,4,7
20151130,1,8
20080480,1,7
19890832,4,10
19820602,2,6
20040937,1,7
20061034,4,5
20070633,3,5
20101185,4,9
20150628,1,5
20150682,4,6
20180910,1,9
20100953,4,5
19860409,2,5
20080774,4,4
20140623,3,11
19880299,1,3
20111053,4,5
20050336,2,7
19970638,2,5
20191010,1,11
19901130,1,5
20050562,4,6
20130957,3,2
20121099,2,4
19860766,4,5
19980693,3,4
20140830,3,4
19830443,1,10
19830416,4,4
19890381,1,15
20141169,4,10
20207440,4,4
20202267,4,12
19840990,2,5
19840531,2,8
19800464,3,4
19840365,2,2
20170998,4,6
20060680,1,3
19960379,4,3
19820917,3,9
20051025,1,5
19820549,4,5
19790097,4,8
19980895,4,7
20090679,3,5
20070798,2,8
20070732,4,4
20010096,1,4
20110082,4,4
19830808,4,8
19970233,3,4
19980679,4,6
20161051,4,13
20030099,3,3
19960286,4,8
20010254,4,8
19930687,1,7
20170348,4,4
19870793,4,5
19901100,2,4
20170832,2,10
19870649,2,5
19930079,3,6
19970186,4,4
20150436,3,4
19860295,3,6
19930680,3,5
19990098,1,2
20010400,2,7
20060787,2,8
20040846,4,10
20090187,4,5
20001018,4,8
20180438,1,6
20160404,2,5
19931042,4,5
20110128,1,5
19971067,3,9
20010618,3,11
20180548,1,5
20000863,2,5
20170020,4,5
19821079,3,8
19910662,4,5
19910747,1,3
20180099,2,4
20190532,2,5
19930505,2,4
19930356,1,10
19810519,3,8
19930886,4,13
19870848,3,6
20090794,1,7
20206591,2,3
20090343,4,8
19810014,3,11
19900423,3,3
19980894,4,4
20110236,2,3
19790690,4,4
19970078,3,5
20160692,4,6
19881004,4,4
19841112,1,5
20030110,1,6
19990856,2,3
19830575,2,8
20121150,2,5
19791000,2,6
20020335,3,6
20070643,2,4
19890594,4,4
20100924,1,2
20120402,4,5
20190639,1,7
19960998,4,3
20180733,3,10
19920295,4,8
19840570,4,5
19940990,4,5
20051036,2,4
20171078,3,8
19890611,2,8
20090427,3,4
20070810,2,5
20060749,2,8
19980304,4,4
19890017,4,9
20130061,4,8
20040888,4,3
20080393,1,3
20020521,2,6
19960774,4,10
20010759,2,4
19830399,4,5
19860610,1,6
20050729,3,8
20210007,1,6
19970421,3,7
