track_id,PC1,PC2,PC3,PC4
19790135,9.085849057062596,0.066366614668223994,0.65993793348212892,-2.687175653164426
19790585,19.195403728697094,-2.44215154147992,-1.4466545442308734,-3.0500135800223829
19790644,18.373841514911909,-0.24473645641670469,1.0772628468830927,-1.2307293359251663
19790820,7.7533411707228961,5.5245222378632048,2.8081387995133702,-1.8817164316821016
19800411,12.895618353556603,1.6325518626728659,-2.1864416732495728,-1.5580825356239871
19800725,12.326756844562746,-1.3255241673995874,0.18616990829766941,-0.76781705862573324
19801016,-5.8709354721172247,0.0537966644332106,0.54744318377969403,-0.89172731343457945
19810179,3.473443970325258,1.587985505609675,-5.176216621620326,-2.0228876363141897
19820602,26.889203175676322,0.53069727707705172,-3.6584552465469993,-0.98433539474929355
19820917,10.18439342135391,-0.84285033270271936,1.6869393898578098,-1.6843024564174216
19820983,12.046937385314456,2.2421246331430891,-1.4217623645859108,-0.94157283401175496
19830575,10.82301923027055,7.5543829422952467,-2.6756876751401246,-1.3465708237182741
19830822,4.6095861472726032,-1.9598109149570433,-4.0447980753393811,-0.82391020105506274
19840098,13.19671487478807,-0.30686600805727082,1.2546827150270172,-5.1595877363944203
19840188,10.81008650311864,-1.4061163731855773,-6.5466731722104221,-1.5997983337902708
19840531,10.027442022104804,-3.8665626699401119,-5.7840465349795185,-1.8687410387712069
19840557,11.040681756950208,7.7402967198457198,-2.6285265802573217,1.3713972635065259
19840570,-4.9597225281111337,2.0711202115181435,1.1420514627615539,-0.34805988993207088
19840829,4.9196663441232591,-1.7236961989487258,-3.2620833816236874,0.11574796283556731
19840834,3.861669500653623,6.8479260204753425,2.1928378146287866,-1.7491334514977268
19840892,2.0832334812736324,-1.8897467960396199,-1.8330342799629209,0.034860764535592698
19840975,8.5772591963581171,2.0714085603260117,-3.7978946050723152,-3.7565618212508176
19840990,3.5707964157385077,-0.43502533018697281,-3.3841647057499449,-0.41049333115434988
19850342,9.9554231569786396,-1.0400569774276562,-6.0394454566678961,-1.885312855783458
19850509,11.177528472643948,-2.3463904890107452,-0.70316899712331327,-1.1344190034584924
19860298,4.4295727934690943,-0.50000112687428355,-0.93802272664695241,-2.0471065536739945
19860346,13.356471633735666,0.31513216658403842,-2.0045698350482635,1.3613918097593021
19860409,20.273286923969167,-1.2283184794778279,-6.5741205148345196,-4.5901054714106726
19860443,14.051211139051494,1.4445574018268972,-0.21800166096169099,0.26821775781525431
19860584,8.363164005680499,-1.3195222926154482,-2.2001140732336442,-0.39363638098694148
19860758,6.8020115208499057,0.83197953072588704,-5.5651844467451612,1.1486084252881039
19870253,-1.918830394643785,2.6458086057556756,-2.7331424274935427,-0.89197129326274405
19870483,5.5408952483278542,3.0224677139021674,-4.6743257330035455,3.0055876369516201
19870495,8.7481661297444226,-0.51430009785492536,-5.4403285290033905,-2.787281983535292
19870649,18.317697493925841,3.1190134812363772,-7.362216058339845,-1.1478604063783513
19870710,15.565733352465404,5.3216865893447816,2.171548293535936,0.14927126470299171
19870848,13.757325344031592,-3.5942073298431092,-1.0939774688488686,-1.71975486694173
19880012,5.6896127539867303,3.7059250650838016,2.1819078609506826,-0.16515416175035541
19880698,-2.1511291777314039,3.9023787350692558,-2.7503924856063682,4.3140039555973697
19880964,17.31355060937436,2.1759511502322635,0.72019954245700035,-2.4468082452565385
19890152,9.2550227852737734,0.72802832176374221,0.80816496658040615,-1.6989933437159426
19890594,1.5723199025987855,1.0784877803878516,-1.1986204556061806,-2.8257075739036428
19890611,13.439097791804876,-3.9579102430129174,-1.5277380644158158,-1.1264790022617974
19890971,8.0325008232725779,-2.1859571009154584,1.5644346066113202,-1.7716385031449648
19891057,3.1656786793789591,-3.8136545520502714,0.39733671577760971,1.0097091579449236
19900390,4.8790195240005989,4.3382166212182076,0.60841507250479554,-0.20206032928784359
19900423,9.9857260839366244,-1.5725481556599992,1.3286369980720774,-2.1808352631045671
19900742,13.530670952206208,5.1306692555374314,0.75143405214606485,-3.1376159861184973
19910317,16.362822260297534,1.1874241020019003,0.85465504282309357,-5.2956931900830275
19910421,-6.8043312982291582,2.2032385283880327,-2.0809703591979951,1.0517855731582952
19910454,-1.4242909428787638,4.0413157464171166,-4.6966023819892744,2.2327216284186049
19910662,12.238403923855229,3.2974624453128714,-3.7068339413136737,-0.52312147690802158
19911042,6.9670617970203059,-1.5845618213169714,0.48805154225604003,-1.2674765907726566
19911132,12.553447468114731,-1.1133232748799615,-1.1463895552929129,-0.50796333352141743
19920418,11.352837494800996,2.9115376735383101,-0.36138585829054298,-1.8834625806547505
19920451,-7.3542869329679199,0.79865800730431946,-3.0463841566791308,-0.19534885686051379
19920460,11.080294202004238,-2.9380216406042488,-1.7003659135345013,-2.8857068375609902
19920472,18.871987635393808,4.2998140934848585,-1.966774106742164,-0.77946498802695063
19920543,-4.6739718022303034,0.60165789269728331,-3.1950317868344409,0.19702349399748501
19920685,1.2317842246351101,1.0197871420782447,-4.2811891168442617,-1.9503014854190981
19930045,15.237132473345502,-4.2750215382238785,-7.4002315785115726,-2.5945198690058242
19930079,5.0722022696042623,-1.2027375276688781,0.65412907881855642,-2.7647446076708615
19930356,6.2131979801267443,-0.83296552375148958,-3.7261676555229002,1.2136976556900123
19930505,3.9415802616325495,3.8992837125162447,-2.800681434952117,-1.8443848838440304
19930531,21.005001638426723,8.695449637616381,-0.58592289872925474,0.1055002487946067
19930680,15.466911248131328,-2.3684592329007454,0.53541165991706707,-1.1410571276823505
19930687,10.605112876879629,-1.7070338500384667,-0.30974904854388652,0.66001471490844466
19940163,11.767709648104391,-2.2333560874866576,-2.5545136858131268,-1.7423952196859351
19940431,2.8141190928511195,4.4301782869993831,-1.7375724650083313,3.3743687108775458
19940726,6.5122055474610931,3.082970023176324,0.77354968624477827,0.96680461335734236
19940933,0.71877936751301852,3.6010918030588552,0.42211748162467683,-1.5121384922985961
19950191,0.79361694925711357,2.4124640906923811,1.6125766257117309,-1.569075512921948
19950512,1.2367170745368847,0.46270566302112209,-5.5844677840689707,0.22272338050710261
19950629,-0.170194993624289,-0.76740108630156256,-5.8119925786412887,-0.3829920856940906
19950852,25.000883174900014,4.6854112880065415,3.8657064437860722,-0.29759214261362538
19960286,0.27180086610531329,-3.6776995847936176,0.77249791592604411,-2.2666655498010391
19960308,0.66511517716160817,0.26333303130252622,-5.3262972210264712,-1.5855983892255092
19960347,15.891333723695649,-0.64160974411336213,0.1233526901477907,-0.75237179850302538
19960557,9.4020600940136312,0.16859238489063949,-1.8383212607448696,0.17045483416198551
19960625,34.587848566603434,2.4846716248103045,-9.2083147684329649,-6.121750748936357
19960665,9.2862968580707168,-1.7467100105964763,-3.0700536970255392,-0.74399026610442365
19960679,12.511868668226716,-3.5002906456845233,0.59978672595576443,0.36087794631987191
19960782,11.941930377505557,-0.90997493377041505,0.1155852631674133,0.17774269600427051
19960998,8.1998442198787806,2.6863064237028933,3.5848440851599799,-1.5207646004936148
19970078,3.8484582406269072,-0.98008052168837922,-0.1245819099035671,-2.5195535791401742
19970140,-8.811169493558701,5.357177567669706,-4.6307294397457728,-0.95282594821872157
19970421,12.661221470988949,-0.0041988610455118997,-0.47712557302075698,-3.9182870891226078
19970518,-6.6973743358460824,3.1250768088041858,-1.017975362439921,0.2327457711483166
19970555,4.9805004428983377,-2.6948353655705337,-8.9426352173671226,-1.3384828505364703
19970579,20.492202539212329,1.6790190856535816,0.0250144199046183,0.098403808355600406
19970797,7.4471000437220836,-5.4176513261242336,-2.7685577338430529,-1.7690160262994052
19970867,9.9711321930106003,4.5765381734291859,-6.5065589529043457,-3.7900099420266726
19971067,3.9094934767634113,0.4465415236514334,0.88657435952605868,-3.1951326356806988
19980067,7.8694867182650414,-0.92794898208788001,-0.37126116899105083,-1.8079573726134088
19980304,4.9113352024142722,3.240367490611753,3.3037422991250223,-1.4091718944882188
19980424,8.3592856910729463,2.929521363806054,-0.72377201237547395,-2.4279163464098641
19980679,10.082655286880383,0.6879361571895628,1.837119712478007,-0.69184927176178268
19980693,10.603176308821247,-3.7643646727549118,-0.0117341039984561,-0.95861390222932641
19981054,-0.5446263468768906,-1.9236933393981639,3.0818098190369807,0.024330249083085499
19981089,11.971835054923693,1.5933946488332993,-1.9965326683221152,-2.3465491484409182
19990098,13.982660582258251,4.9231107018292422,0.5521619314477032,-0.23253727940239721
19990856,3.2731222362236383,-1.3271552799224329,-3.5938430116306264,-1.5421349670971325
19990928,9.3290325871465942,2.2328885983548323,-0.24879356109645831,2.244278374242751
19990947,9.2951874517380695,-0.19894116749258151,-5.4755969704304031,0.059587416269394997
19991072,1.4446712306409764,-0.66789780388181952,-3.4774607996918965,-0.62412755558879962
20000160,14.390281911971064,1.5735210095830594,-0.15535917933368851,-1.2270312105555174
20000245,2.2250537313820486,6.2004548632442962,4.3298142287559154,0.18935503466767309
20000595,10.861296130336852,-1.0724863397702022,-6.0203547517124267,-4.2983379297492412
20000787,-4.3515102992698251,2.4900005379226271,-1.8905562015080839,1.8346836855639359
20010161,12.795555917183879,1.8904531279885584,0.1413896224803016,2.0513706867604986
20010400,4.9366551255391933,1.0301054341372062,-4.2084009634499173,-1.1392630080527166
20010428,9.2278808601733644,1.2953492439862413,-0.28443263872839381,-1.0404530919049699
20010527,7.0480160619574415,3.7850184943296408,-2.291969743374048,0.1118701959476003
20010567,12.933743016110377,2.1818563184030935,1.5930584697324768,-1.0490409863724208
20010618,9.096602357464624,-1.2301168244265936,-1.3751567723061948,-2.6398641585851657
20010634,6.1668604641964153,1.7218609665859066,-7.8432328692483644,-1.993273705786708
20010995,4.4430244317102803,-1.7027152656105309,-1.3906376410421113,-2.1611041272407236
20020230,13.165509780103426,-0.140082747776267,-0.8905566164664529,-3.4524655295691908
20020328,13.540333558540627,-1.7627430536017761,1.7067197097093458,-2.0717711410613737
20020429,6.5245966252113234,1.9602499617417968,-4.3899622447780695,1.6336374509470653
20020495,18.281835104775599,3.3812762226112651,-3.4225570462172321,-0.400737086280051
20020521,5.5816622412866437,-1.2181137607290242,-6.1398325192037451,-1.5224364066167413
20020803,10.780965353039056,-1.1092416876011699,-6.7390819757056004,-2.5863231526530033
20020877,3.4858913462787577,0.1743058982939486,2.1009194586145945,-2.0723992311295101
20030110,3.1676968272067669,2.6650951225631276,0.0086015463922281994,-0.67782023617585563
20030319,4.4095944030030516,0.093934392192766697,1.8333760619228241,-1.9085424482673621
20030707,0.019668501805233801,-0.0200344499633552,3.1195715654018699,-2.3765659461097637
20040846,4.4561943957831476,-2.9773762631488161,0.73183705646410513,1.2626660943625987
20050256,17.42190341299413,3.908942866723863,3.8544643403650674,-2.0761458616891999
20050282,2.6917151255922227,2.1823351447099864,1.3996323173585772,-0.1219422206923037
20050427,-1.4208120077494646,2.146772898680084,1.2615498359530968,0.73927921208356018
20050558,12.062959579703904,3.2222847109071542,-1.4294387083515721,-1.4537086474523353
20050665,27.259475476889847,3.2374382686277223,-10.596032368959683,-1.2703733571564999
20050694,3.1071705725509799,2.2225892821748836,-0.59329684189501797,1.4609996237721401
20050721,3.5156885978425954,5.3891221034100774,-2.6018821576088631,-0.3072231512883799
20050729,14.613053924583536,2.929385842504888,-1.0568020810764265,-3.0274688886165739
20060153,-1.99851490635371,0.2925162100271898,-4.9266225626503326,-0.2614844512963187
20060564,7.9125714996257361,1.3543105616468325,-1.826361283461704,1.7595825108951155
20060680,6.9355684716310915,1.7676661722847535,0.90727206403167715,3.367236720931952
20060749,7.9182326624967603,1.5807638924446106,-6.0033896623549037,-0.60664321012893152
20060769,17.872852648915636,-1.9932298865542928,-2.1865527418299311,-2.1235654120510499
20060787,9.3947014035981109,-0.19795134841324061,-2.1472068820029429,-2.7919976779214717
20060913,4.3370229838744008,4.1848588323556859,-7.3467795459701151,-3.7367065587384105
20061034,2.1542879030116642,4.1205067835654292,2.0011900514158039,-1.3630798879918109
20070322,-2.9718028135826633,0.43886210086678018,0.27216056774920988,-0.25956743998748322
20070519,5.1203733208898701,2.8704747823770238,-4.0945721995532383,-0.49550748360071611
20070608,3.226875609156481,0.43591002550975783,-5.0927720074214902,-0.40423644097496692
20070633,10.266291186419018,-3.3289419836523613,-1.4809216875350253,-0.26876760646988979
20070643,12.664850832600616,1.7288994491577794,-2.8307534316330742,-0.81281795620941322
20070732,-0.082642675712627095,4.5036172287296434,0.28763153003365433,-0.68778879184119046
20070798,2.4726697818575523,-0.63495446175072068,-7.0346612614095383,-0.77328901878576262
20071026,12.192222458008647,-4.0263979010858453,-2.685991990953482,-2.9080495305700187
20080393,-4.608837638070014,11.304944301765524,2.0775576701388574,4.8481220065530577
20080542,-0.73586543401557614,3.1725997939070032,-5.3911013896019266,0.0061612900661076001
20080660,10.387505448411932,0.13761830682821011,-3.8659491388856617,1.9430284464115632
20080717,5.173739406528493,-2.8170099875522281,-2.4540696320402415,-1.4856570849661055
20080774,5.43738660437932,-2.4703726943037232,2.94477573278078,2.2898010286774682
20090588,-4.471016982279771,2.1759814916418185,-4.0603117848585839,-0.26411140965929342
20090794,7.7316070786598132,-0.16871866252869749,0.30490559559404429,2.8698856725331376
20091022,-1.1977888675270634,5.1092856227016181,-2.6782055823412545,0.70877625985472981
20091031,3.027071398531088,0.42212827058371472,-1.7079319223164642,0.3986639396274746
20091085,9.6061164860299684,3.7848973284684262,1.3004773430126213,-1.822562274849314
20100026,8.0941333354230203,5.5227306408956442,2.9019588174811202,-1.7723771670146398
20100050,14.20431927247092,0.68499132656497597,-2.8336787655480449,-1.2107276327617309
20110494,7.5935334999997197,4.8360069880412384,-1.2218538073383167,-0.090802739082374906
20110899,5.3738677906943062,-0.13771028135328961,-2.7643729315595813,-2.3219673940017449
20111034,2.9454976815224816,-0.75685463192940072,1.3171303006270374,-3.0194085651757701
20120185,6.7594884042492218,-0.87236193664154038,-0.77115452914050531,-1.2529296291189354
20120206,3.7621388338008095,0.5933275039345568,2.9711047353993867,-1.4300293045548751
20120582,-4.4906949136697669,0.65764903981150435,-9.0371238434356211,-1.351502751855348
20121099,4.280439268387771,3.0369869305624699,-3.950935706847424,-1.1627931763243644
20121150,14.786882274523837,-1.96205083287792,-5.2802475931781583,-3.6140578508105214
20121159,20.974461422225311,3.7557794010830654,0.8578598952366947,-1.7332990497207803
20130162,2.31688995827811,4.5804803133827798,0.79925412731493417,-0.4105695395404807
20130253,5.1576585443732181,-0.70624338391956143,-1.579162941054671,-2.7112182133607492
20130534,4.5110684323300712,2.0334470201257813,-2.6238134683100105,0.97572515622720324
20130540,2.322497787421649,3.4536597952532757,0.38560285875410749,-0.1534043970098089
20131018,2.8014615466324639,0.83217049319925362,0.35876194978138898,-2.263064639713583
20140066,10.720129609662004,-3.1692766008175579,-2.8278892859681521,-1.7075606023195451
20140086,4.4765487966842139,-1.0795766596629726,-1.0495397801169759,-0.20369682850820001
20140201,14.816307675535311,0.5737037876557175,-1.9717482417620411,-3.2515409895570357
20140418,5.4980998177393818,4.1395542030930166,-1.1059161468387475,2.170294656142548
20140766,13.415725162501143,-1.0987184905466838,-3.4507067737663046,-0.096346739371046403
20140830,16.264171027340428,-0.32509501611227498,-0.27669840348040481,-2.4637842921789819
20150039,9.9631738551638644,0.90546371544749604,1.2826061572657519,-1.3760161824418089
20150628,12.45925634729749,5.6116849107702826,0.19553610998943721,-0.15684479216005509
20150699,15.015394525000191,-0.94723392795114436,-8.2325560129932587,-0.70487463362336522
20150827,20.112066725795991,-2.970617747221945,-4.5880009012550929,-1.0964188056991977
20150871,13.600947416185612,3.3991491366418622,-0.67787446652143768,0.4463101596094064
20151148,-5.0006623813267685,0.87680096707042154,1.0616509848519708,0.91233673608270416
20160735,7.1831645807546867,-3.7351329948389904,-0.9297354139177928,-1.7530433573709698
20160754,-3.3026917913289355,-1.1053528277046492,-2.4505639426404184,0.095862569321783206
20170299,5.8097133004273447,-2.3486171943073546,-1.2884675345013723,-2.3261225106126737
20170348,6.6054871582868282,3.4755961614805067,1.6816835789854021,-1.6670402387384269
20170534,-4.1644552218083879,-0.63913008958781325,-2.3959783029945139,1.3786673879441822
20170794,15.048077346878898,1.8523956160482509,-2.3426278329137573,2.0477124412792613
20180099,-3.9045788084647777,-0.3299633801315992,-9.4553749121979003,-4.3919081028497695
20180244,9.1191819111372361,6.2427783387365867,-0.2117675590053778,-0.0225971665414159
20180545,-1.7509248171974381,7.7176819516982818,0.083012843414754497,0.18406907011188051
20180608,10.520397588401552,0.42493788817056832,0.1450807992825881,0.72672349663503688
20180628,13.296156521278617,0.89367882119702224,-4.2639034069282369,1.5693094954676297
20190008,10.622795342905311,0.76671891552553406,-6.0311562286639644,-1.7544315330211266
20190639,17.455784250470543,2.2794636497653267,-4.9579259265066158,1.0966103596045551
20190844,10.711861776080116,2.4503621130027207,-5.539443372415052,-1.0386628775893054
20191014,16.816933264806611,6.2668123875872777,1.1504509960773039,0.076354987152774403
20191103,0.83811050187859237,4.0189532960998475,0.52447305634983388,-0.89919894314770332
20204474,-13.794280355563584,4.2957311462492802,-3.4640466741570211,1.9045433114793544
20204655,20.772131180734227,1.5142642463806697,3.2023775727601032,-1.331758121836345
20206591,9.6951280727818006,2.2654719005392012,-8.8332848301375915,-0.37189785729230512
20210007,-3.2119906055949663,1.0302759423909198,-1.5643175560957592,2.8852560208948423
