version,reference_eof,raw_rank,sign_alignment,pattern_correlation,explained_variance_pct,n
before,1,1,1,1,28.30395,6789
before,2,2,1,1,11.017594000000001,6789
before,3,3,1,1,10.925190000000001,6789
before,4,4,1,1,8.1877250000000004,6789
before,5,5,1,1,7.4099976999999999,6789
before,6,6,1,1,5.8552321000000003,6789
before,7,7,1,1,5.2363656000000001,6789
before,8,8,1,1,4.3624771000000004,6789
after,1,1,1,0.79821720468761281,27.683925149894613,3820
after,2,2,-1,0.96139871010391997,12.02176664270425,3820
after,3,3,1,0.57851518042245775,10.51016917001029,3820
after,4,5,1,0.76675691730681073,7.5716978483429305,3820
after,5,4,-1,0.50520496933551395,8.708047284654171,3820
after,6,6,-1,0.84846012238950497,5.7578708026674006,3820
after,7,7,1,0.86238740392913116,4.7553101709205405,3820
after,8,8,1,0.49977095394791188,4.28200785656162,3820
