sign,reference_eof,category,label,n,denominator,percentage
negative,1,region,ARG,849,1334,63.643178410794604
negative,1,region,LA-PLATA,165,1334,12.368815592203898
negative,1,region,SE-BR,320,1334,23.988005997001498
negative,1,season,DJF,474,1334,35.532233883058474
negative,1,season,MAM,312,1334,23.388305847076463
negative,1,season,JJA,241,1334,18.065967016491754
negative,1,season,SON,307,1334,23.013493253373312
negative,2,region,ARG,395,600,65.833333333333329
negative,2,region,LA-PLATA,70,600,11.666666666666666
negative,2,region,SE-BR,135,600,22.5
negative,2,season,DJF,95,600,15.833333333333334
negative,2,season,MAM,128,600,21.333333333333332
negative,2,season,JJA,211,600,35.166666666666664
negative,2,season,SON,166,600,27.666666666666668
negative,3,region,ARG,344,642,53.582554517133957
negative,3,region,LA-PLATA,177,642,27.570093457943926
negative,3,region,SE-BR,121,642,18.847352024922117
negative,3,season,DJF,98,642,15.264797507788161
negative,3,season,MAM,142,642,22.118380062305295
negative,3,season,JJA,222,642,34.579439252336449
negative,3,season,SON,180,642,28.037383177570092
negative,4,region,ARG,171,383,44.64751958224543
negative,4,region,LA-PLATA,96,383,25.065274151436032
negative,4,region,SE-BR,116,383,30.287206266318538
negative,4,season,DJF,125,383,32.637075718015666
negative,4,season,MAM,110,383,28.720626631853786
negative,4,season,JJA,71,383,18.5378590078329
negative,4,season,SON,77,383,20.104438642297652
positive,1,region,ARG,644,1305,49.348659003831415
positive,1,region,LA-PLATA,315,1305,24.137931034482758
positive,1,region,SE-BR,346,1305,26.513409961685824
positive,1,season,DJF,238,1305,18.237547892720308
positive,1,season,MAM,310,1305,23.754789272030653
positive,1,season,JJA,425,1305,32.567049808429118
positive,1,season,SON,332,1305,25.440613026819925
positive,2,region,ARG,332,433,76.674364896073897
positive,2,region,LA-PLATA,58,433,13.394919168591224
positive,2,region,SE-BR,43,433,9.9307159353348737
positive,2,season,DJF,92,433,21.247113163972287
positive,2,season,MAM,117,433,27.020785219399539
positive,2,season,JJA,120,433,27.713625866050808
positive,2,season,SON,104,433,24.018475750577366
positive,3,region,ARG,282,375,75.200000000000003
positive,3,region,LA-PLATA,27,375,7.2000000000000002
positive,3,region,SE-BR,66,375,17.600000000000001
positive,3,season,DJF,88,375,23.466666666666665
positive,3,season,MAM,84,375,22.399999999999999
positive,3,season,JJA,96,375,25.600000000000001
positive,3,season,SON,107,375,28.533333333333335
positive,4,region,ARG,272,337,80.712166172106819
positive,4,region,LA-PLATA,30,337,8.9020771513353107
positive,4,region,SE-BR,35,337,10.385756676557863
positive,4,season,DJF,71,337,21.068249258160236
positive,4,season,MAM,69,337,20.474777448071215
positive,4,season,JJA,120,337,35.608308605341243
positive,4,season,SON,77,337,22.848664688427299
