panel,cluster,term,mean,std,n
A,0,Az,552834.82922681095,370041.83872473409,6789
A,0,Ae,148083.41333288449,117493.10849648484,6789
A,0,Kz,3189853.4714615289,1588933.5910792486,6789
A,0,Ke,374421.05151663785,262593.93677855283,6789
A,0,Cz,-0.35712460371630228,4.8941244720900894,6789
A,0,Ca,0.79534920486620386,1.641726014446792,6789
A,0,Ck,-2.9199159139675084,9.9685240638226063,6789
A,0,Ce,3.1493555075090214,4.5610785257993074,6789
A,0,BAz,1.8325420714073823,7.920622476782448,6789
A,0,BAe,0.5658734615062101,4.2663581517038676,6789
A,0,BKz,-2.8278761301356248,32.109898521797646,6789
A,0,BKe,0.89259500321593166,8.7372859326065768,6789
A,0,BΦZ,46.645629187610233,133.96802709440962,6789
A,0,BΦE,24.785417954910159,133.03785598557744,6789
A,0,Gz,-0.19217151958670228,2.5436217071412446,6789
A,0,Ge,1.2235239081155309,2.8439201662360847,6789
A,0,∂Az/∂t (finite diff.),-0.10659708756472913,4.2406225785948193,6789
A,0,∂Ae/∂t (finite diff.),-0.26039007459437918,1.8115765663406014,6789
A,0,∂Kz/∂t (finite diff.),0.56975833084079064,13.771038502639337,6789
A,0,∂Ke/∂t (finite diff.),0.21033012220374106,3.2017021873030105,6789
A,0,RGz,-1.5009145578222098,7.5166935889650395,6789
A,0,RKz,6.6746749786602262,41.249458834792947,6789
A,0,RGe,1.5277427665422281,5.0722252583833694,6789
A,0,RKe,-6.7515363024887201,10.671002536644954,6789
B,1,Az,562407.65768728917,230115.56016830317,166
B,1,Ae,162191.71209325106,81238.404032832448,166
B,1,Kz,2870178.0142145357,1192070.3121861832,166
B,1,Ke,361899.39251735894,158837.45742748806,166
B,1,Cz,-1.8037787224120643,3.9764126082269287,166
B,1,Ca,10.492924730119459,1.0822055102391579,166
B,1,Ck,-9.5750018764846523,7.3179477330606497,166
B,1,Ce,12.454039382391841,3.3018106783946473,166
B,1,BAz,8.1739218435165579,5.4494537936057537,166
B,1,BAe,-1.5907191580533269,3.6062340321406268,166
B,1,BKz,-14.339630010308328,18.383140482052561,166
B,1,BKe,-0.11907789464102442,5.405241672078831,166
B,1,BΦZ,70.17853128211874,76.474189931079934,166
B,1,BΦE,44.588969291194395,74.104496888282384,166
B,1,Gz,-3.9545079541522985,1.6692226179772993,166
B,1,Ge,6.0110735570883618,1.9455459204395191,166
B,1,∂Az/∂t (finite diff.),-1.0750133879677457,1.9322159364430702,166
B,1,∂Ae/∂t (finite diff.),-0.48414844006049201,0.85300919542959752,166
B,1,∂Kz/∂t (finite diff.),3.9836323823412561,6.0958845058214175,166
B,1,∂Ke/∂t (finite diff.),1.7910196713981794,1.2547120808705843,166
B,1,RGz,-7.0857664010011101,3.9160585560149483,166
B,1,RKz,20.120792467428998,22.317387680527062,166
B,1,RGe,9.4200999163424388,3.160862440311448,166
B,1,RKe,-16.330469849361528,7.150543036272464,166
C,2,Az,562404.34315758804,180068.02341676786,118
C,2,Ae,162188.04642518339,58264.076395219432,118
C,2,Kz,2870174.4121393356,933659.38413246884,118
C,2,Ke,361896.92779876397,176855.26739014217,118
C,2,Cz,-1.2636332773714267,3.4768386401305942,118
C,2,Ca,4.9883858023692254,1.1053282432641918,118
C,2,Ck,-4.3213695921825961,9.1128281675838103,118
C,2,Ce,8.738837131253689,3.3177760090259327,118
C,2,BAz,5.3718824381179777,4.3155545724760822,118
C,2,BAe,0.27097805104944378,2.7797207263495491,118
C,2,BKz,-10.534710964908928,18.306020976300047,118
C,2,BKe,3.3630883648786529,6.2626841609408288,118
C,2,BΦZ,65.59512417477697,60.546939379629443,118
C,2,BΦE,41.337860140620123,62.131192189197264,118
C,2,Gz,-1.7615289198869584,1.9692812661803747,118
C,2,Ge,4.6386371152679073,1.9987770127289533,118
C,2,∂Az/∂t (finite diff.),-1.8228727956472854,2.2228528040246616,118
C,2,∂Ae/∂t (finite diff.),-0.10894975675084205,0.88489320286325146,118
C,2,∂Kz/∂t (finite diff.),1.8257362365370835,4.8789362621634575,118
C,2,∂Ke/∂t (finite diff.),2.112796094666523,1.6841575572503698,118
C,2,RGz,-5.1878292785916633,4.345894578506269,118
C,2,RKz,15.179281030610552,25.828051023248662,118
C,2,RGe,6.0182071704567566,3.5833410149991645,118
C,2,RKe,-12.555009600489232,9.925131836115165,118
D,3,Az,562405.9413945264,209376.673356877,75
D,3,Ae,162191.57033168207,93761.732359110552,75
D,3,Kz,2870176.164005701,955427.28162374033,75
D,3,Ke,361900.05857139599,160251.95680029862,75
D,3,Cz,0.052090665405617687,2.6822759040872728,75
D,3,Ca,9.7983733500239776,1.2830109300359678,75
D,3,Ck,-9.1754713201935942,8.1176358758907163,75
D,3,Ce,12.429016565913408,3.3419836109540246,75
D,3,BAz,7.9773931138981711,4.3835617134557525,75
D,3,BAe,-1.2214469886257866,3.4281887521392518,75
D,3,BKz,-13.734339875833946,18.749337761393885,75
D,3,BKe,0.36507811256723366,6.4723873357149397,75
D,3,BΦZ,68.987132307397246,78.696454338665475,75
D,3,BΦE,43.66448916254302,75.338889604891278,75
D,3,Gz,-1.4200337369821487,1.5913178805994987,75
D,3,Ge,7.1892123070973719,2.2069171024633545,75
D,3,∂Az/∂t (finite diff.),-2.2164314737385329,1.6350743321895884,75
D,3,∂Ae/∂t (finite diff.),0.86394809518256321,1.000667128308208,75
D,3,∂Kz/∂t (finite diff.),2.8172479720499775,5.340480491697468,75
D,3,∂Ke/∂t (finite diff.),3.8751002403274279,1.8149523413129041,75
D,3,RGz,-6.3888535809065159,3.4487852698665948,75
D,3,RKz,19.000601597453418,24.103541237205544,75
D,3,RGe,9.6749232653058801,3.4276328546235906,75
D,3,RKe,-15.933990639831713,8.2515870259007418,75
E,4,Az,562404.87254823057,212747.39246597618,320
E,4,Ae,162185.41768042606,53255.934535287983,320
E,4,Kz,2870174.6112927492,1139071.5966561115,320
E,4,Ke,361893.60353412182,108181.06378407541,320
E,4,Cz,-0.30359895140820103,2.8223108454743961,320
E,4,Ca,2.0922961603168728,0.59667362182306793,320
E,4,Ck,-3.9606413288262132,5.1275349967329946,320
E,4,Ce,5.4408430269356955,2.2556663921205673,320
E,4,BAz,3.8700885563275511,4.125884282257803,320
E,4,BAe,1.2008003982721591,2.4581915242499717,320
E,4,BKz,-8.935862367569074,16.223772369289296,320
E,4,BKe,0.48587046351245688,3.2615975126285131,320
E,4,BΦZ,64.791937001575178,69.585253044516691,320
E,4,BΦE,40.650568405411299,69.545431811608864,320
E,4,Gz,-0.90158870362216592,1.2874493051973825,320
E,4,Ge,2.0244426694539586,1.517929425747935,320
E,4,∂Az/∂t (finite diff.),-0.45358422686552774,1.5219957470769419,320
E,4,∂Ae/∂t (finite diff.),-0.88293485516673986,0.62389170206846667,320
E,4,∂Kz/∂t (finite diff.),1.9525922699663043,5.1061358942231312,320
E,4,∂Ke/∂t (finite diff.),0.21688310318114451,0.91558044486791956,320
E,4,RGz,-2.9016650199510172,3.6650098533744324,320
E,4,RKz,13.723960984735333,19.787696562792085,320
E,4,RGe,2.6612719976637456,2.1752460108916987,320
E,4,RKe,-8.7077491882500588,4.7115608775863906,320
