figure,png,pdf,dimensions_px,layout_dimensions_match_article,png_sha256,pdf_sha256,published_png_sha256,phase_eof_product,eof_identity
1,figures/corrected/article/fig_01_track_density.png,figures/corrected/article/fig_01_track_density.pdf,2989x1088,True,d668c3e19744e733dd99c2aee6fea76c0394464803743baa11808be6d75fbd2d,33827314a43e8de462bd6fd8ff4a1491c596e288379fbb8d06b4153dc96102f1,d668c3e19744e733dd99c2aee6fea76c0394464803743baa11808be6d75fbd2d,,
2,figures/corrected/article/fig_02_lec_reference.png,figures/corrected/article/fig_02_lec_reference.pdf,800x800,True,f58641a91e1623a32aca91778b0edd1f3881302c92b7d82f3eaba54a214a5d7f,62f2c79bc41b7f111c39a35b715740c56449160134577bb0428c92ebce3097fd,f58641a91e1623a32aca91778b0edd1f3881302c92b7d82f3eaba54a214a5d7f,,
3,figures/corrected/article/fig_03_term_pdfs.png,figures/corrected/article/fig_03_term_pdfs.pdf,1200x790,True,f2699a9d4b6ee94f55974136629953320c291cbe38bd93e9458982450eeb05ef,5a1472c7d024f4817b63546bb310c4dbe482f81ba530e9b1a2aed696e787b1bd,8bc531c0a60997544641955312bae0aa8c4208bcbee0748affbb94ab79b99c63,,
4,figures/corrected/article/fig_04_phase_mean_lec.png,figures/corrected/article/fig_04_phase_mean_lec.pdf,1000x1000,True,3c0049a89caa8bd7610375dc28101151f610edfa84d4bf3a590fb834bb62ec84,ae4d0c5288dc546ac06b918dfb149bf9f9c39d6d1e501078e2da887df23d931b,eecf2199ee946abe58e9d6a8afa82f7cc3f86dceb802d7ab3c646d06ad33ba9c,,
5,figures/corrected/article/fig_05_eof1_lec.png,figures/corrected/article/fig_05_eof1_lec.pdf,1000x1000,True,4d94808dcdd93813c19cd8ad7672ec0d57aa093172ca5c77edf8fcc2d1a50f4c,03988d2ed3d9215ea0d101408d81782c94288a621a9b0c60634a847fff1d1712,c818202635702f3380f459c852219aa83bd8a3694e68194ccd5eaeb64a0fc08a,results/comparison/article/phase_eof_matched,reference_eof; raw_rank and sign_alignment in canonical variance.csv
6,figures/corrected/article/fig_06_eof2_lec.png,figures/corrected/article/fig_06_eof2_lec.pdf,1000x1000,True,7853b75b50cd9c175723d57e0c8e7fc083fd8ef41d4f9589c975c1f66f9a7629,d439301b1f510b44d10d5d0d9b0b58f222a583f4582b11785bcba7d714b6d644,c31ad5c16474cedee6bdd968b1042410cbc7468c9f5d72d3d08791d789926f92,results/comparison/article/phase_eof_matched,reference_eof; raw_rank and sign_alignment in canonical variance.csv
7,figures/corrected/article/fig_07_eof3_lec.png,figures/corrected/article/fig_07_eof3_lec.pdf,1000x1000,True,b036239887193f4d3fd9e0c3492cb018a122ec07b56facf1069984da7a466201,d003020e7be84eea154b1acfd84abcf0801b24ae6559220a685d7978908b888a,3471fbcc991e6490b28785ece4c08269a3e8bf957ae1ed528c9f6604e00ca689,results/comparison/article/phase_eof_matched,reference_eof; raw_rank and sign_alignment in canonical variance.csv
8,figures/corrected/article/fig_08_eof4_lec.png,figures/corrected/article/fig_08_eof4_lec.pdf,1000x1000,True,b44485e9655934e3d498bc0307eee087499a64469b660ddda2f4c7c49a9ee29d,030a00e11be380a1c523aa735d817c8714a022e9305ab108e141c2c2822a84d2,30ddeef72ca18ed424b67467b23ae2a5dd6bc8dd2d3deb8aa71ca8f593292f72,results/comparison/article/phase_eof_matched,reference_eof; raw_rank and sign_alignment in canonical variance.csv
9,figures/corrected/article/fig_09_eof_positive_density.png,figures/corrected/article/fig_09_eof_positive_density.pdf,3989x1615,True,51cfbb90706f98569000959638e823b8adeb3372286c25af94428ac80a8e9c9a,f985cd092c7085ccaab8358735aca0d01fb5a23535f9e9e95c742c42d27a33e6,101421aed9c6c1809af5e7f4e79c007a7f60925c23b379ca5ab9e7b9d69b074f,,
10,figures/corrected/article/fig_10_eof_negative_density.png,figures/corrected/article/fig_10_eof_negative_density.pdf,3989x1615,True,05755e5fa73643c04757723acd212dcb6a2ccfa4307353661691bb0fc3576f0d,4b8b8a86cda51eb329d26b53051faad0eed9d1cbf20584c29342ece183accb9f,dde610b4250cc11a3021aeb1e15a433fca26579aa9fe584e6606f8f1755ce362,,
11,figures/corrected/article/fig_11_eof_genesis_season.png,figures/corrected/article/fig_11_eof_genesis_season.pdf,5400x3600,True,eb02be63eda1194942ddec0a8099d7ced586b015610c6c393fd03c929f2eb6d6,4fb585c7dea147cd257279c997e343af7d8ab95fb4c9dd31ce5f8c9d43011cf9,0b4cf26d8fe4be05e3fbc37ede465eb2fc83da817f41779485d4207a18434700,,
12,figures/corrected/article/fig_12_intense_clusters_lec.png,figures/corrected/article/fig_12_intense_clusters_lec.pdf,1500x1000,True,aebdebb6678133853a9ddf440a7a6675e60fec4496545d5f77c3b567c5b1f9d2,4af14c261b1c349b9509edbf6f6dde8c9dc3d23b60fc790db82dfc4f1264db7e,18463dc135aa8f36be3e562a79c9f97f8bb01d3d5805eaa99f2c0669de3180d1,,
13,figures/corrected/article/fig_13_intense_groups_density.png,figures/corrected/article/fig_13_intense_groups_density.pdf,2969x1579,True,84677682824dde582360fd58852e9d7568024499aeeea86b4221d016b2e10637,9d2871cb619032b75342ad4b188dd3b2e8bf4647d7da9c733dedd845816a5640,128fd0334d66f8f8e59b1a0c7a2d338634ab9ab81f98a7ddc4463546ef320b05,,
14,figures/corrected/article/fig_14_intense_groups_characteristics.png,figures/corrected/article/fig_14_intense_groups_characteristics.pdf,5400x3600,True,6da9cec62d1277bac342ab4e52095262bb6c69aa41a8796c4c6dbe01ad1afe76,481ad32092a828da06da33576334799b3a610df94013e94a4d68dec35e314dce,7a208f0c9427bfa3691d26a4acc15f6f5c7f84b3ceffa2cefb59ff26507a9556,,
15,figures/corrected/article/fig_15_phase_synthesis.png,figures/corrected/article/fig_15_phase_synthesis.pdf,800x800,True,b8c72a0cdd657beb0186d97b90d68ca9cc5657a1d01a38675c0f30b49a3b9f0c,d6d1cb3abe09f1a3c5b465bebf81decb2b908d85329aab9901136d35b152622c,d64d2dcdd9af72c7c4ec1d05bf71e9faa12926564b7c0b2ab90fcf7e1994fae7,,
16,figures/corrected/article/fig_16_eof_synthesis.png,figures/corrected/article/fig_16_eof_synthesis.pdf,950x950,True,1c1c11edf69dba690d516743cb76a80d234a6a0baedd22bbbde701df5cebd920,fc59aacae9cb45fb462be77f64bbb78c7a6bd298d880dc46e4e9a44e655c72b5,6cf2260b76abb146429d35a9dee1159a57704c6e7a540c234c066a86cc4081f2,,
