published_figure,description,original_path,corrected_path,comparison_path,source_script,status,notes
1,Track density and genesis regions,figures/original/article/fig_01_track_density.png,figures/corrected/article/fig_01_track_density.png,figures/comparison/article/fig_01_track_density.png,map_density.py,COMPLETE,Original artifact copied verbatim; corrected side reuses unchanged track reference
2,LEC reference diagram,figures/original/article/fig_02_lec_reference.png,figures/corrected/article/fig_02_lec_reference.png,figures/comparison/article/fig_02_lec_reference.png,lec_chains.py,COMPLETE,Conceptual artifact reused unchanged
3,LEC term distributions,figures/original/article/fig_03_term_pdfs.png,figures/corrected/article/fig_03_term_pdfs.png,figures/comparison/article/fig_03_term_pdfs_published_corrected.png,pdfs.py,COMPLETE,Article layout rerendered with corrected cache
4,Phase-mean LEC,figures/original/article/fig_04_phase_mean_lec.png,figures/corrected/article/fig_04_phase_mean_lec.png,figures/comparison/article/fig_04_phase_mean_lec_published_corrected.png,plot_LEC_std.py; plot_LEC_panel_mean_phases.py,COMPLETE,Article layout rerendered with corrected means and standard deviations
5,EOF 1 by phase,figures/original/article/fig_05_eof1_lec.png,figures/corrected/article/fig_05_eof1_lec.png,figures/comparison/article/fig_05_eof1_lec_published_corrected.png,plot_LEC_eofs.py; plot_LEC_panel_eofs.py,COMPLETE,Corrected independently fitted EOF in publication layout
6,EOF 2 by phase,figures/original/article/fig_06_eof2_lec.png,figures/corrected/article/fig_06_eof2_lec.png,figures/comparison/article/fig_06_eof2_lec_published_corrected.png,plot_LEC_eofs.py; plot_LEC_panel_eofs.py,COMPLETE,Corrected independently fitted EOF in publication layout
7,EOF 3 by phase,figures/original/article/fig_07_eof3_lec.png,figures/corrected/article/fig_07_eof3_lec.png,figures/comparison/article/fig_07_eof3_lec_published_corrected.png,plot_LEC_eofs.py; plot_LEC_panel_eofs.py,COMPLETE,Corrected independently fitted EOF in publication layout
8,EOF 4 by phase,figures/original/article/fig_08_eof4_lec.png,figures/corrected/article/fig_08_eof4_lec.png,figures/comparison/article/fig_08_eof4_lec_published_corrected.png,plot_LEC_eofs.py; plot_LEC_panel_eofs.py,COMPLETE,Corrected independently fitted EOF in publication layout
9,Positive PC-extreme density,figures/original/article/fig_09_eof_positive_density.png,figures/corrected/article/fig_09_eof_positive_density.png,figures/comparison/article/fig_09_eof_positive_density_published_corrected.png,map_density_eof.py,COMPLETE,Corrected membership and authoritative tracks
10,Negative PC-extreme density,figures/original/article/fig_10_eof_negative_density.png,figures/corrected/article/fig_10_eof_negative_density.png,figures/comparison/article/fig_10_eof_negative_density_published_corrected.png,map_density_eof.py,COMPLETE,Corrected membership and authoritative tracks
11,EOF extremes by genesis and season,figures/original/article/fig_11_eof_genesis_season.png,figures/corrected/article/fig_11_eof_genesis_season.png,figures/comparison/article/fig_11_eof_genesis_season_published_corrected.png,eof_cyclone_statistics_q10_q90.py,COMPLETE,Corrected EOF assignments in publication layout
12,Intense systems and clustered LEC,figures/original/article/fig_12_intense_clusters_lec.png,figures/corrected/article/fig_12_intense_clusters_lec.png,figures/comparison/article/fig_12a_all_intense_lec_published_corrected.png; figures/comparison/article/fig_12b_five_intense_clusters_lec_published_corrected.png,eofs_kmeans_pcs.py; eof_plot_lec_centroids.py; plot_LEC_panel_clusters.py,COMPLETE,Publication four-cluster layout retained for standalone corrected suite
13,Intense-group density,figures/original/article/fig_13_intense_groups_density.png,figures/corrected/article/fig_13_intense_groups_density.png,figures/comparison/article/fig_13_five_intense_groups_density_published_corrected.png,map_density_intense.py,COMPLETE,Corrected four-cluster membership in publication layout
14,Intense-group characteristics,figures/original/article/fig_14_intense_groups_characteristics.png,figures/corrected/article/fig_14_intense_groups_characteristics.png,figures/comparison/article/fig_14_five_intense_groups_characteristics_published_corrected.png,eof_cluster_statistics.py,COMPLETE,Corrected four-cluster statistics in publication layout
15,Phase synthesis,figures/original/article/fig_15_phase_synthesis.png,figures/corrected/article/fig_15_phase_synthesis.png,figures/comparison/article/fig_15_phase_synthesis_published_corrected.png,tests_draw_lec/draw_lec_v6.py,COMPLETE,Corrected phase means in publication layout
16,EOF-group LEC synthesis,figures/original/article/fig_16_eof_synthesis.png,figures/corrected/article/fig_16_eof_synthesis.png,figures/comparison/article/fig_16a_eof1_positive_group_lec_published_corrected.png; figures/comparison/article/fig_16b_eof2_positive_group_lec_published_corrected.png; figures/comparison/article/fig_16c_eof3_positive_group_lec_published_corrected.png; figures/comparison/article/fig_16d_eof4_positive_group_lec_published_corrected.png,tests_draw_lec/draw_lec_eofs.py; tests_draw_lec/draw_lec_v6.py,COMPLETE,Corrected EOF-loading synthesis in publication layout
